PRAGMA defer_foreign_keys=TRUE;
CREATE TABLE IF NOT EXISTS "__drizzle_migrations" (
			id SERIAL PRIMARY KEY,
			hash text NOT NULL,
			created_at numeric
		);
INSERT INTO __drizzle_migrations VALUES(NULL,'9d43d08076812f2b98ca9e5fd81fa6e56d8036f8e9574691c781a8c78bfd107f',1745241794686);
INSERT INTO __drizzle_migrations VALUES(NULL,'af1c75c3f471ca4cbfeaeb212e37474ea8a44a30a0c093939691caadb151ca44',1745242160927);
INSERT INTO __drizzle_migrations VALUES(NULL,'bfa57ca919937bb94e1a070e06054c11317bf793eacb4b4b24cd0c7ca0206df9',1745242195754);
INSERT INTO __drizzle_migrations VALUES(NULL,'246a8529fcf4b45a5c7781c910c57fa965a4bc7c3d977575c23a3ccfe7ce16da',1746565284942);
CREATE TABLE `courses` (
	`id` integer PRIMARY KEY AUTOINCREMENT NOT NULL,
	`club` text NOT NULL,
	`name` text NOT NULL,
	`par` integer NOT NULL,
	`holes_count` integer DEFAULT 0 NOT NULL,
	`events_count` integer DEFAULT 0 NOT NULL,
	`created_at` text DEFAULT (CURRENT_TIMESTAMP)
);
INSERT INTO courses VALUES(1006,'Nynäshamns Golfklubb','Berg-Dal ',72,18,0,'2025-04-21 13:31:25');
INSERT INTO courses VALUES(1008,'Nynäshamns Golfklubb','Dal-Sjö',72,18,0,'2025-04-21 13:31:25');
INSERT INTO courses VALUES(1010,'Nynäshamns Golfklubb','Sjö-Berg',72,18,0,'2025-04-21 13:31:25');
CREATE TABLE `holes` (
	`id` integer PRIMARY KEY AUTOINCREMENT NOT NULL,
	"hcp" integer NOT NULL,
	`course_id` integer NOT NULL,
	`number` integer NOT NULL,
	`par` integer NOT NULL,
	`created_at` text DEFAULT (CURRENT_TIMESTAMP),
	FOREIGN KEY (`course_id`) REFERENCES `courses`(`id`) ON UPDATE no action ON DELETE cascade
);
INSERT INTO holes VALUES(1,14,1006,1,5,'2025-04-21 13:31:46');
INSERT INTO holes VALUES(2,8,1006,2,4,'2025-04-21 13:31:46');
INSERT INTO holes VALUES(3,4,1006,3,4,'2025-04-21 13:31:46');
INSERT INTO holes VALUES(4,18,1006,4,3,'2025-04-21 13:31:46');
INSERT INTO holes VALUES(5,12,1006,5,4,'2025-04-21 13:31:46');
INSERT INTO holes VALUES(6,16,1006,6,3,'2025-04-21 13:31:46');
INSERT INTO holes VALUES(7,6,1006,7,4,'2025-04-21 13:31:46');
INSERT INTO holes VALUES(8,2,1006,8,4,'2025-04-21 13:31:46');
INSERT INTO holes VALUES(9,10,1006,9,5,'2025-04-21 13:31:46');
INSERT INTO holes VALUES(10,13,1006,10,4,'2025-04-21 13:31:46');
INSERT INTO holes VALUES(11,11,1006,11,5,'2025-04-21 13:31:46');
INSERT INTO holes VALUES(12,5,1006,12,4,'2025-04-21 13:31:46');
INSERT INTO holes VALUES(13,3,1006,13,5,'2025-04-21 13:31:46');
INSERT INTO holes VALUES(14,17,1006,14,3,'2025-04-21 13:31:46');
INSERT INTO holes VALUES(15,1,1006,15,4,'2025-04-21 13:31:46');
INSERT INTO holes VALUES(16,15,1006,16,4,'2025-04-21 13:31:46');
INSERT INTO holes VALUES(17,7,1006,17,3,'2025-04-21 13:31:46');
INSERT INTO holes VALUES(18,9,1006,18,4,'2025-04-21 13:31:46');
INSERT INTO holes VALUES(19,13,1008,1,4,'2025-04-21 13:31:46');
INSERT INTO holes VALUES(20,11,1008,2,5,'2025-04-21 13:31:46');
INSERT INTO holes VALUES(21,5,1008,3,4,'2025-04-21 13:31:46');
INSERT INTO holes VALUES(22,3,1008,4,5,'2025-04-21 13:31:46');
INSERT INTO holes VALUES(23,17,1008,5,3,'2025-04-21 13:31:46');
INSERT INTO holes VALUES(24,1,1008,6,4,'2025-04-21 13:31:46');
INSERT INTO holes VALUES(25,15,1008,7,4,'2025-04-21 13:31:46');
INSERT INTO holes VALUES(26,7,1008,8,3,'2025-04-21 13:31:46');
INSERT INTO holes VALUES(27,9,1008,9,4,'2025-04-21 13:31:46');
INSERT INTO holes VALUES(28,12,1008,10,5,'2025-04-21 13:31:46');
INSERT INTO holes VALUES(29,2,1008,11,4,'2025-04-21 13:31:46');
INSERT INTO holes VALUES(30,14,1008,12,4,'2025-04-21 13:31:46');
INSERT INTO holes VALUES(31,18,1008,13,4,'2025-04-21 13:31:46');
INSERT INTO holes VALUES(32,8,1008,14,3,'2025-04-21 13:31:46');
INSERT INTO holes VALUES(33,4,1008,15,4,'2025-04-21 13:31:46');
INSERT INTO holes VALUES(34,6,1008,16,4,'2025-04-21 13:31:46');
INSERT INTO holes VALUES(35,10,1008,17,3,'2025-04-21 13:31:46');
INSERT INTO holes VALUES(36,16,1008,18,5,'2025-04-21 13:31:46');
INSERT INTO holes VALUES(37,12,1010,1,5,'2025-04-21 13:31:46');
INSERT INTO holes VALUES(38,2,1010,2,4,'2025-04-21 13:31:46');
INSERT INTO holes VALUES(39,14,1010,3,4,'2025-04-21 13:31:46');
INSERT INTO holes VALUES(40,18,1010,4,4,'2025-04-21 13:31:46');
INSERT INTO holes VALUES(41,8,1010,5,3,'2025-04-21 13:31:46');
INSERT INTO holes VALUES(42,4,1010,6,4,'2025-04-21 13:31:46');
INSERT INTO holes VALUES(43,6,1010,7,4,'2025-04-21 13:31:46');
INSERT INTO holes VALUES(44,10,1010,8,3,'2025-04-21 13:31:46');
INSERT INTO holes VALUES(45,16,1010,9,5,'2025-04-21 13:31:46');
INSERT INTO holes VALUES(46,13,1010,10,5,'2025-04-21 13:31:46');
INSERT INTO holes VALUES(47,7,1010,11,4,'2025-04-21 13:31:46');
INSERT INTO holes VALUES(48,3,1010,12,4,'2025-04-21 13:31:46');
INSERT INTO holes VALUES(49,17,1010,13,3,'2025-04-21 13:31:46');
INSERT INTO holes VALUES(50,11,1010,14,4,'2025-04-21 13:31:46');
INSERT INTO holes VALUES(51,15,1010,15,3,'2025-04-21 13:31:46');
INSERT INTO holes VALUES(52,5,1010,16,4,'2025-04-21 13:31:46');
INSERT INTO holes VALUES(53,1,1010,17,4,'2025-04-21 13:31:46');
INSERT INTO holes VALUES(54,9,1010,18,5,'2025-04-21 13:31:46');
CREATE TABLE `profiles` (
	`id` integer PRIMARY KEY AUTOINCREMENT NOT NULL,
	`full_name` text NOT NULL,
	`avatar_url` text,
	`guest` integer DEFAULT false NOT NULL,
	`active` integer DEFAULT true NOT NULL
);
INSERT INTO profiles VALUES(1,'Tobias Pettersson','1',0,1);
INSERT INTO profiles VALUES(2,'Kim Fransman','1',0,1);
INSERT INTO profiles VALUES(3,'Urban Garpsäter',NULL,1,1);
INSERT INTO profiles VALUES(4,'Patrik Lindby',NULL,0,1);
INSERT INTO profiles VALUES(5,'Jonathan Frohlund','1',0,1);
INSERT INTO profiles VALUES(7,'Fredrik Bohlin','1',0,1);
INSERT INTO profiles VALUES(8,'Daniel Garpsäter','1',0,1);
INSERT INTO profiles VALUES(10,'Marcus Köhler','1',0,1);
INSERT INTO profiles VALUES(11,'Niklas Garpsäter','1',0,1);
INSERT INTO profiles VALUES(12,'Håkan Lundholm','1',0,1);
INSERT INTO profiles VALUES(13,'Hannes Eriksson','1',0,1);
INSERT INTO profiles VALUES(14,'Adde Köhler',NULL,1,1);
INSERT INTO profiles VALUES(15,'Magnus Landström',NULL,1,1);
CREATE TABLE `scoring_sessions` (
	`id` integer PRIMARY KEY AUTOINCREMENT NOT NULL,
	`owner_id` integer NOT NULL,
	`course_id` integer NOT NULL,
	`special` integer DEFAULT false,
	`strokes` integer DEFAULT false,
	`team_event` integer DEFAULT false,
	`state` text DEFAULT 'STARTED',
	`current_hole` integer DEFAULT 1,
	`part_of_final` integer DEFAULT false,
	`created_at` text DEFAULT (CURRENT_TIMESTAMP),
	FOREIGN KEY (`course_id`) REFERENCES `courses`(`id`) ON UPDATE no action ON DELETE no action
);
INSERT INTO scoring_sessions VALUES(5,1,1008,0,0,0,'CLOSED',18,0,'2025-05-06 14:23:44');
INSERT INTO scoring_sessions VALUES(6,2,1008,0,0,0,'CLOSED',18,0,'2025-05-06 14:30:12');
INSERT INTO scoring_sessions VALUES(12,12,1006,0,0,0,'CLOSED',18,0,'2025-05-13 14:28:40');
INSERT INTO scoring_sessions VALUES(13,7,1006,0,0,0,'CLOSED',18,0,'2025-05-13 14:30:17');
INSERT INTO scoring_sessions VALUES(14,2,1008,1,1,1,'CLOSED',18,0,'2025-05-20 14:27:35');
INSERT INTO scoring_sessions VALUES(17,1,1008,1,1,1,'CLOSED',18,0,'2025-05-20 15:09:18');
INSERT INTO scoring_sessions VALUES(19,1,1010,0,0,0,'CLOSED',18,0,'2025-05-27 14:45:11');
INSERT INTO scoring_sessions VALUES(20,11,1010,0,0,0,'CLOSED',18,0,'2025-05-27 14:56:46');
INSERT INTO scoring_sessions VALUES(21,2,1008,0,0,0,'CLOSED',18,0,'2025-06-03 14:37:54');
INSERT INTO scoring_sessions VALUES(22,7,1008,0,0,0,'CLOSED',18,0,'2025-06-03 14:42:49');
INSERT INTO scoring_sessions VALUES(24,13,1010,1,0,0,'CLOSED',18,0,'2025-06-10 14:57:48');
INSERT INTO scoring_sessions VALUES(25,1,1010,1,0,0,'CLOSED',18,0,'2025-06-10 15:00:58');
INSERT INTO scoring_sessions VALUES(26,2,1006,0,0,0,'CLOSED',16,0,'2025-06-17 14:26:17');
INSERT INTO scoring_sessions VALUES(27,7,1006,0,0,0,'CLOSED',18,0,'2025-06-17 14:33:15');
INSERT INTO scoring_sessions VALUES(28,1,1006,0,0,0,'CLOSED',18,0,'2025-06-17 14:43:37');
INSERT INTO scoring_sessions VALUES(29,2,1010,0,0,0,'CLOSED',18,0,'2025-06-24 14:28:23');
CREATE TABLE `seasons` (
	`id` integer PRIMARY KEY AUTOINCREMENT NOT NULL,
	`name` text NOT NULL,
	`state` text DEFAULT 'REGULAR',
	`winners_array` text,
	`closed_at` text,
	`created_at` text DEFAULT (CURRENT_TIMESTAMP)
);
INSERT INTO seasons VALUES(1,'2025','REGULAR',NULL,NULL,'2025-04-21 13:30:16');
CREATE TABLE `scorecards` (
	`id` integer PRIMARY KEY AUTOINCREMENT NOT NULL,
	`scoring_session_id` integer NOT NULL,
	`course_id` integer NOT NULL,
	`points` integer DEFAULT 0,
	`strokes` integer DEFAULT 0,
	`putts` integer DEFAULT 0,
	`week_points` integer DEFAULT 0,
	`given_strokes` integer DEFAULT 0,
	`team_index` integer DEFAULT 0,
	`through` integer DEFAULT 0,
	`to_par` integer DEFAULT 0,
	`current_hole` integer DEFAULT 1,
	`part_of_final` integer DEFAULT false,
	`created_at` text DEFAULT (CURRENT_TIMESTAMP),
	FOREIGN KEY (`scoring_session_id`) REFERENCES `scoring_sessions`(`id`) ON UPDATE no action ON DELETE cascade,
	FOREIGN KEY (`course_id`) REFERENCES `courses`(`id`) ON UPDATE no action ON DELETE no action
);
INSERT INTO scorecards VALUES(12,5,1008,31,95,32,8,17,0,18,6,1,0,'2025-05-06 14:23:44');
INSERT INTO scorecards VALUES(13,5,1008,32,94,32,11,14,0,18,8,1,0,'2025-05-06 14:23:44');
INSERT INTO scorecards VALUES(14,5,1008,32,94,34,11,13,0,18,9,1,0,'2025-05-06 14:23:44');
INSERT INTO scorecards VALUES(15,5,1008,30,83,33,6,5,0,18,6,1,0,'2025-05-06 14:23:44');
INSERT INTO scorecards VALUES(16,6,1008,33,88,33,15,13,0,18,3,1,0,'2025-05-06 14:30:12');
INSERT INTO scorecards VALUES(17,6,1008,27,103,35,4,18,0,18,13,1,0,'2025-05-06 14:30:12');
INSERT INTO scorecards VALUES(18,6,1008,34,83,34,20,8,0,18,3,1,0,'2025-05-06 14:30:12');
INSERT INTO scorecards VALUES(33,12,1006,37,86,31,15,15,0,18,-1,1,0,'2025-05-13 14:28:40');
INSERT INTO scorecards VALUES(34,12,1006,38,79,32,20,9,0,18,-2,1,0,'2025-05-13 14:28:40');
INSERT INTO scorecards VALUES(35,12,1006,28,95,32,9,13,0,18,10,1,0,'2025-05-13 14:28:40');
INSERT INTO scorecards VALUES(36,13,1006,28,100,35,9,19,0,18,9,1,0,'2025-05-13 14:30:18');
INSERT INTO scorecards VALUES(37,13,1006,34,92,33,12,18,0,18,2,1,0,'2025-05-13 14:30:18');
INSERT INTO scorecards VALUES(38,13,1006,26,89,37,6,6,0,18,11,1,0,'2025-05-13 14:30:18');
INSERT INTO scorecards VALUES(39,14,1008,44,69,0,15,5,0,18,-8,1,0,'2025-05-20 14:27:35');
INSERT INTO scorecards VALUES(40,14,1008,41,79,0,11,12,1,18,-5,1,0,'2025-05-20 14:27:35');
INSERT INTO scorecards VALUES(43,17,1008,35,80,0,9,7,0,18,1,1,0,'2025-05-20 15:09:18');
INSERT INTO scorecards VALUES(48,19,1010,32,92,35,8,15,0,18,5,1,0,'2025-05-27 14:45:12');
INSERT INTO scorecards VALUES(49,19,1010,29,86,36,4,7,0,18,7,1,0,'2025-05-27 14:45:12');
INSERT INTO scorecards VALUES(50,19,1010,37,80,30,15,9,0,18,-1,1,0,'2025-05-27 14:45:12');
INSERT INTO scorecards VALUES(51,19,1010,32,84,33,8,6,0,18,6,1,0,'2025-05-27 14:45:12');
INSERT INTO scorecards VALUES(52,20,1010,38,84,31,20,14,0,18,-2,1,0,'2025-05-27 14:56:47');
INSERT INTO scorecards VALUES(53,20,1010,32,95,35,8,19,0,18,4,1,0,'2025-05-27 14:56:47');
INSERT INTO scorecards VALUES(54,20,1010,36,88,33,12,14,0,18,2,1,0,'2025-05-27 14:56:47');
INSERT INTO scorecards VALUES(55,21,1008,25,105,38,8,17,0,18,16,1,0,'2025-06-03 14:37:55');
INSERT INTO scorecards VALUES(56,21,1008,26,96,35,10,14,0,18,10,1,0,'2025-06-03 14:37:55');
INSERT INTO scorecards VALUES(57,21,1008,24,92,32,6,8,0,18,12,1,0,'2025-06-03 14:37:55');
INSERT INTO scorecards VALUES(58,22,1008,32,94,34,15,18,0,18,4,1,0,'2025-06-03 14:42:49');
INSERT INTO scorecards VALUES(59,22,1008,34,80,29,20,6,0,18,2,1,0,'2025-06-03 14:42:49');
INSERT INTO scorecards VALUES(60,22,1008,30,84,34,12,5,0,18,7,1,0,'2025-06-03 14:42:49');
INSERT INTO scorecards VALUES(73,25,1010,24,178,0,11,20,0,18,12,18,0,'2025-06-10 22:22:22');
INSERT INTO scorecards VALUES(74,24,1010,11,205,70,9,38,0,18,25,18,0,'2025-06-10 22:22:22');
INSERT INTO scorecards VALUES(75,25,1010,31,181,0,15,30,0,18,5,18,0,'2025-06-10 22:22:22');
INSERT INTO scorecards VALUES(76,24,1010,-1,211,65,7,35,0,18,37,18,0,'2025-06-10 22:22:22');
INSERT INTO scorecards VALUES(77,26,1006,34,86,30,10,12,0,18,2,1,0,'2025-06-17 14:26:17');
INSERT INTO scorecards VALUES(78,26,1006,35,91,30,12,18,0,18,1,1,0,'2025-06-17 14:26:17');
INSERT INTO scorecards VALUES(79,26,1006,46,73,24,20,11,0,18,-10,1,0,'2025-06-17 14:26:17');
INSERT INTO scorecards VALUES(80,27,1006,31,98,33,5,21,0,18,5,1,0,'2025-06-17 14:33:15');
INSERT INTO scorecards VALUES(81,27,1006,39,84,34,15,15,0,18,-3,1,0,'2025-06-17 14:33:15');
INSERT INTO scorecards VALUES(82,27,1006,33,80,32,8,5,0,18,3,1,0,'2025-06-17 14:33:15');
INSERT INTO scorecards VALUES(83,28,1006,32,82,37,8,6,0,18,4,1,0,'2025-06-17 14:43:37');
INSERT INTO scorecards VALUES(84,28,1006,30,97,31,2,13,0,18,12,1,0,'2025-06-17 14:43:37');
INSERT INTO scorecards VALUES(85,28,1006,31,83,32,5,6,0,18,5,1,0,'2025-06-17 14:43:37');
INSERT INTO scorecards VALUES(86,29,1010,27,95,34,10,13,0,18,10,1,0,'2025-06-24 14:28:23');
INSERT INTO scorecards VALUES(87,29,1010,24,107,38,8,22,0,18,13,1,0,'2025-06-24 14:28:23');
INSERT INTO scorecards VALUES(88,29,1010,29,101,34,12,20,0,18,9,1,0,'2025-06-24 14:28:23');
INSERT INTO scorecards VALUES(89,29,1010,31,88,33,15,9,0,18,7,1,0,'2025-06-24 14:28:23');
INSERT INTO scorecards VALUES(90,29,1010,39,83,33,20,14,0,18,-3,1,0,'2025-06-24 14:28:23');
CREATE TABLE `scorecard_players` (
	`id` integer PRIMARY KEY AUTOINCREMENT NOT NULL,
	`player_id` integer NOT NULL,
	`scorecard_id` integer NOT NULL,
	`beers` integer DEFAULT 0,
	`fines` integer DEFAULT 0,
	`ciders` integer DEFAULT 0,
	`created_at` text DEFAULT (CURRENT_TIMESTAMP),
	FOREIGN KEY (`player_id`) REFERENCES `profiles`(`id`) ON UPDATE no action ON DELETE cascade,
	FOREIGN KEY (`scorecard_id`) REFERENCES `scorecards`(`id`) ON UPDATE no action ON DELETE cascade
);
INSERT INTO scorecard_players VALUES(12,13,12,0,0,3,'2025-05-06 14:23:44');
INSERT INTO scorecard_players VALUES(13,12,13,0,-10,1,'2025-05-06 14:23:44');
INSERT INTO scorecard_players VALUES(14,11,14,0,0,0,'2025-05-06 14:23:44');
INSERT INTO scorecard_players VALUES(15,1,15,0,-30,0,'2025-05-06 14:23:44');
INSERT INTO scorecard_players VALUES(16,8,16,0,-30,0,'2025-05-06 14:30:12');
INSERT INTO scorecard_players VALUES(17,7,17,0,-20,0,'2025-05-06 14:30:12');
INSERT INTO scorecard_players VALUES(18,2,18,0,0,1,'2025-05-06 14:30:12');
INSERT INTO scorecard_players VALUES(33,12,33,0,0,1,'2025-05-13 14:28:40');
INSERT INTO scorecard_players VALUES(34,2,34,0,10,0,'2025-05-13 14:28:40');
INSERT INTO scorecard_players VALUES(35,11,35,0,-10,0,'2025-05-13 14:28:40');
INSERT INTO scorecard_players VALUES(36,7,36,0,-40,2,'2025-05-13 14:30:18');
INSERT INTO scorecard_players VALUES(37,13,37,0,-10,0,'2025-05-13 14:30:18');
INSERT INTO scorecard_players VALUES(38,5,38,0,-50,2,'2025-05-13 14:30:18');
INSERT INTO scorecard_players VALUES(39,5,39,0,0,0,'2025-05-20 14:27:35');
INSERT INTO scorecard_players VALUES(40,2,39,0,0,0,'2025-05-20 14:27:35');
INSERT INTO scorecard_players VALUES(41,11,40,0,0,0,'2025-05-20 14:27:35');
INSERT INTO scorecard_players VALUES(42,7,40,0,0,0,'2025-05-20 14:27:35');
INSERT INTO scorecard_players VALUES(49,1,43,0,0,0,'2025-05-20 15:09:18');
INSERT INTO scorecard_players VALUES(50,12,43,0,0,0,'2025-05-20 15:09:18');
INSERT INTO scorecard_players VALUES(51,13,43,0,0,0,'2025-05-20 15:09:18');
INSERT INTO scorecard_players VALUES(56,12,48,0,-10,0,'2025-05-27 14:45:12');
INSERT INTO scorecard_players VALUES(57,5,49,0,-20,0,'2025-05-27 14:45:12');
INSERT INTO scorecard_players VALUES(58,2,50,0,20,0,'2025-05-27 14:45:12');
INSERT INTO scorecard_players VALUES(59,1,51,0,-20,0,'2025-05-27 14:45:12');
INSERT INTO scorecard_players VALUES(60,8,52,1,-10,0,'2025-05-27 14:56:47');
INSERT INTO scorecard_players VALUES(61,13,53,0,-30,0,'2025-05-27 14:56:47');
INSERT INTO scorecard_players VALUES(62,11,54,0,-30,0,'2025-05-27 14:56:47');
INSERT INTO scorecard_players VALUES(63,13,55,0,-50,0,'2025-06-03 14:37:55');
INSERT INTO scorecard_players VALUES(64,12,56,0,-10,1,'2025-06-03 14:37:55');
INSERT INTO scorecard_players VALUES(65,2,57,0,-10,0,'2025-06-03 14:37:55');
INSERT INTO scorecard_players VALUES(66,7,58,1,-20,0,'2025-06-03 14:42:49');
INSERT INTO scorecard_players VALUES(67,5,59,0,0,1,'2025-06-03 14:42:49');
INSERT INTO scorecard_players VALUES(68,1,60,0,0,1,'2025-06-03 14:42:49');
INSERT INTO scorecard_players VALUES(73,13,76,0,0,0,'2025-06-10 14:57:48');
INSERT INTO scorecard_players VALUES(74,5,74,0,0,0,'2025-06-10 14:57:48');
INSERT INTO scorecard_players VALUES(75,10,74,0,0,2,'2025-06-10 14:57:48');
INSERT INTO scorecard_players VALUES(76,14,76,1,0,0,'2025-06-10 14:57:48');
INSERT INTO scorecard_players VALUES(77,7,75,0,0,1,'2025-06-10 15:00:58');
INSERT INTO scorecard_players VALUES(78,2,75,0,0,0,'2025-06-10 15:00:58');
INSERT INTO scorecard_players VALUES(79,11,73,0,0,2,'2025-06-10 15:00:58');
INSERT INTO scorecard_players VALUES(80,1,73,0,0,0,'2025-06-10 15:00:58');
INSERT INTO scorecard_players VALUES(81,8,77,0,-20,0,'2025-06-17 14:26:17');
INSERT INTO scorecard_players VALUES(82,13,78,0,10,0,'2025-06-17 14:26:17');
INSERT INTO scorecard_players VALUES(83,2,79,0,40,0,'2025-06-17 14:26:17');
INSERT INTO scorecard_players VALUES(84,7,80,1,-10,0,'2025-06-17 14:33:15');
INSERT INTO scorecard_players VALUES(85,12,81,0,-10,1,'2025-06-17 14:33:15');
INSERT INTO scorecard_players VALUES(86,15,82,0,0,0,'2025-06-17 14:33:15');
INSERT INTO scorecard_players VALUES(87,5,83,0,0,0,'2025-06-17 14:43:37');
INSERT INTO scorecard_players VALUES(88,11,84,0,0,0,'2025-06-17 14:43:37');
INSERT INTO scorecard_players VALUES(89,1,85,0,-50,0,'2025-06-17 14:43:37');
INSERT INTO scorecard_players VALUES(90,8,86,0,-10,0,'2025-06-24 14:28:23');
INSERT INTO scorecard_players VALUES(91,7,87,0,-50,0,'2025-06-24 14:28:23');
INSERT INTO scorecard_players VALUES(92,13,88,0,-30,0,'2025-06-24 14:28:23');
INSERT INTO scorecard_players VALUES(93,2,89,0,-20,0,'2025-06-24 14:28:23');
INSERT INTO scorecard_players VALUES(94,11,90,0,0,0,'2025-06-24 14:28:23');
CREATE TABLE `events` (
	`id` integer PRIMARY KEY AUTOINCREMENT NOT NULL,
	`season_id` integer NOT NULL,
	`course_id` integer NOT NULL,
	`special` integer DEFAULT false,
	`strokes` integer DEFAULT false,
	`team_event` integer DEFAULT false,
	`created_at` text DEFAULT (CURRENT_TIMESTAMP),
	FOREIGN KEY (`season_id`) REFERENCES `seasons`(`id`) ON UPDATE no action ON DELETE no action,
	FOREIGN KEY (`course_id`) REFERENCES `courses`(`id`) ON UPDATE no action ON DELETE no action
);
INSERT INTO events VALUES(1,1,1008,0,0,0,'2025-05-06 23:40:26');
INSERT INTO events VALUES(2,1,1006,0,0,0,'2025-05-14 08:37:13');
INSERT INTO events VALUES(4,1,1008,1,1,1,'2025-05-20 21:22:01');
INSERT INTO events VALUES(5,1,1010,0,0,0,'2025-05-27 18:37:46');
INSERT INTO events VALUES(6,1,1008,0,0,0,'2025-06-03 18:36:54');
INSERT INTO events VALUES(7,1,1010,1,0,0,'2025-06-11 13:12:25');
INSERT INTO events VALUES(8,1,1006,0,0,0,'2025-06-17 18:03:40');
INSERT INTO events VALUES(9,1,1010,0,0,0,'2025-06-24 18:09:34');
CREATE TABLE `scores` (
	`id` integer PRIMARY KEY AUTOINCREMENT NOT NULL,
	`scorecard_id` integer NOT NULL,
	`strokes` integer DEFAULT 0 NOT NULL,
	`hole` integer NOT NULL,
	`putts` integer DEFAULT 0 NOT NULL,
	`beers` integer DEFAULT 0 NOT NULL,
	`extra_strokes` integer DEFAULT 0 NOT NULL,
	`points` integer DEFAULT 0 NOT NULL,
	`to_par` integer DEFAULT 0 NOT NULL,
	`fines` integer DEFAULT 0 NOT NULL,
	`ciders` integer DEFAULT 0 NOT NULL,
	`created_at` text DEFAULT (CURRENT_TIMESTAMP),
	FOREIGN KEY (`scorecard_id`) REFERENCES `scorecards`(`id`) ON UPDATE no action ON DELETE cascade
);
INSERT INTO scores VALUES(200,16,4,1,1,0,1,3,-1,0,0,'2025-05-06 14:35:59');
INSERT INTO scores VALUES(201,17,6,1,1,0,1,1,1,0,0,'2025-05-06 14:36:05');
INSERT INTO scores VALUES(202,18,6,1,2,0,0,0,2,0,1,'2025-05-06 14:36:10');
INSERT INTO scores VALUES(203,12,5,1,2,0,1,2,0,0,1,'2025-05-06 14:44:54');
INSERT INTO scores VALUES(204,13,5,1,2,0,1,2,0,0,0,'2025-05-06 14:45:01');
INSERT INTO scores VALUES(205,14,6,1,3,0,1,1,1,-10,0,'2025-05-06 14:45:07');
INSERT INTO scores VALUES(206,15,5,1,1,0,0,1,1,0,0,'2025-05-06 14:45:16');
INSERT INTO scores VALUES(208,16,6,2,3,0,1,2,0,-10,0,'2025-05-06 14:49:08');
INSERT INTO scores VALUES(209,17,7,2,2,0,1,1,1,0,0,'2025-05-06 14:49:13');
INSERT INTO scores VALUES(210,18,4,2,1,0,0,3,-1,10,0,'2025-05-06 14:49:16');
INSERT INTO scores VALUES(211,12,6,2,2,0,1,2,0,0,0,'2025-05-06 14:58:07');
INSERT INTO scores VALUES(212,13,6,2,1,0,1,2,0,0,0,'2025-05-06 14:58:14');
INSERT INTO scores VALUES(213,14,6,2,2,0,1,2,0,0,0,'2025-05-06 14:58:18');
INSERT INTO scores VALUES(214,15,7,2,3,0,0,0,2,-10,0,'2025-05-06 14:58:22');
INSERT INTO scores VALUES(215,16,6,3,2,0,1,1,1,0,0,'2025-05-06 15:00:03');
INSERT INTO scores VALUES(216,17,5,3,2,0,1,2,0,0,0,'2025-05-06 15:00:07');
INSERT INTO scores VALUES(217,18,5,3,2,0,1,2,0,0,0,'2025-05-06 15:00:09');
INSERT INTO scores VALUES(218,12,5,3,2,0,1,2,0,0,0,'2025-05-06 15:10:22');
INSERT INTO scores VALUES(219,13,5,3,3,0,1,2,0,-10,1,'2025-05-06 15:10:27');
INSERT INTO scores VALUES(221,14,5,3,1,0,1,2,0,0,0,'2025-05-06 15:10:38');
INSERT INTO scores VALUES(222,15,5,3,2,0,1,2,0,0,0,'2025-05-06 15:10:42');
INSERT INTO scores VALUES(223,16,7,4,3,0,1,1,1,-10,0,'2025-05-06 15:14:15');
INSERT INTO scores VALUES(224,17,7,4,2,0,1,1,1,0,0,'2025-05-06 15:14:19');
INSERT INTO scores VALUES(225,18,6,4,2,0,1,2,0,0,0,'2025-05-06 15:14:29');
INSERT INTO scores VALUES(226,16,3,5,2,0,0,2,0,0,0,'2025-05-06 15:21:11');
INSERT INTO scores VALUES(227,18,3,5,2,0,0,2,0,0,0,'2025-05-06 15:21:13');
INSERT INTO scores VALUES(228,17,8,5,2,0,1,0,4,0,0,'2025-05-06 15:21:17');
INSERT INTO scores VALUES(229,12,6,4,2,0,1,2,0,0,0,'2025-05-06 15:23:20');
INSERT INTO scores VALUES(230,13,6,4,2,0,1,2,0,0,0,'2025-05-06 15:23:29');
INSERT INTO scores VALUES(231,14,7,4,2,0,1,1,1,0,0,'2025-05-06 15:23:33');
INSERT INTO scores VALUES(232,15,6,4,3,0,1,2,0,-10,0,'2025-05-06 15:23:38');
INSERT INTO scores VALUES(233,12,3,5,1,0,1,3,-1,0,0,'2025-05-06 15:28:46');
INSERT INTO scores VALUES(234,13,3,5,1,0,0,2,0,0,0,'2025-05-06 15:28:51');
INSERT INTO scores VALUES(235,14,3,5,2,0,0,2,0,0,0,'2025-05-06 15:29:03');
INSERT INTO scores VALUES(236,15,3,5,2,0,0,2,0,0,0,'2025-05-06 15:29:12');
INSERT INTO scores VALUES(237,18,5,6,2,0,1,2,0,0,0,'2025-05-06 15:31:19');
INSERT INTO scores VALUES(238,16,5,6,2,0,1,2,0,0,0,'2025-05-06 15:31:23');
INSERT INTO scores VALUES(239,17,5,6,2,0,1,2,0,0,0,'2025-05-06 15:31:26');
INSERT INTO scores VALUES(240,12,5,6,2,0,1,2,0,0,0,'2025-05-06 15:40:01');
INSERT INTO scores VALUES(241,13,4,6,2,0,1,3,-1,0,0,'2025-05-06 15:40:08');
INSERT INTO scores VALUES(242,14,5,6,1,0,1,2,0,0,0,'2025-05-06 15:40:19');
INSERT INTO scores VALUES(243,15,4,6,1,0,1,3,-1,0,0,'2025-05-06 15:40:23');
INSERT INTO scores VALUES(244,17,4,7,2,0,1,3,-1,0,0,'2025-05-06 15:42:29');
INSERT INTO scores VALUES(245,18,7,7,2,0,0,0,3,0,0,'2025-05-06 15:42:58');
INSERT INTO scores VALUES(246,16,6,7,3,0,0,0,2,-10,0,'2025-05-06 15:43:02');
INSERT INTO scores VALUES(247,16,3,8,2,0,1,3,-1,0,0,'2025-05-06 15:49:21');
INSERT INTO scores VALUES(248,18,3,8,2,0,1,3,-1,0,0,'2025-05-06 15:49:25');
INSERT INTO scores VALUES(249,17,6,8,2,0,1,0,2,0,0,'2025-05-06 15:49:31');
INSERT INTO scores VALUES(250,15,5,7,3,0,0,1,1,-10,0,'2025-05-06 15:50:33');
INSERT INTO scores VALUES(251,12,5,7,2,0,1,2,0,0,0,'2025-05-06 15:50:38');
INSERT INTO scores VALUES(252,13,4,7,1,0,0,2,0,0,0,'2025-05-06 15:50:46');
INSERT INTO scores VALUES(253,14,5,7,2,0,0,1,1,0,0,'2025-05-06 15:50:53');
INSERT INTO scores VALUES(254,15,3,8,1,0,0,2,0,0,0,'2025-05-06 15:57:19');
INSERT INTO scores VALUES(255,13,3,8,1,0,1,3,-1,0,0,'2025-05-06 15:57:25');
INSERT INTO scores VALUES(256,14,3,8,2,0,1,3,-1,0,0,'2025-05-06 15:57:29');
INSERT INTO scores VALUES(257,12,4,8,2,0,1,2,0,0,0,'2025-05-06 15:57:33');
INSERT INTO scores VALUES(258,18,4,9,2,0,0,2,0,0,0,'2025-05-06 16:01:28');
INSERT INTO scores VALUES(259,16,5,9,2,0,1,2,0,0,0,'2025-05-06 16:01:32');
INSERT INTO scores VALUES(260,17,9,9,2,0,1,0,4,0,0,'2025-05-06 16:01:37');
INSERT INTO scores VALUES(261,12,4,9,1,0,1,3,-1,0,0,'2025-05-06 16:08:19');
INSERT INTO scores VALUES(262,13,5,9,2,0,1,2,0,0,0,'2025-05-06 16:08:52');
INSERT INTO scores VALUES(263,14,5,9,2,0,1,2,0,0,0,'2025-05-06 16:08:59');
INSERT INTO scores VALUES(264,15,5,9,2,0,0,1,1,0,0,'2025-05-06 16:09:02');
INSERT INTO scores VALUES(265,18,6,10,3,0,0,1,1,-10,0,'2025-05-06 16:17:28');
INSERT INTO scores VALUES(266,17,6,10,2,0,1,2,0,0,0,'2025-05-06 16:17:33');
INSERT INTO scores VALUES(267,16,5,10,1,0,1,3,-1,0,0,'2025-05-06 16:17:35');
INSERT INTO scores VALUES(268,12,7,10,2,0,1,1,1,0,0,'2025-05-06 16:28:55');
INSERT INTO scores VALUES(269,13,5,10,1,0,1,3,-1,0,0,'2025-05-06 16:28:59');
INSERT INTO scores VALUES(270,14,5,10,2,0,1,3,-1,0,0,'2025-05-06 16:29:05');
INSERT INTO scores VALUES(271,15,5,10,2,0,0,2,0,0,0,'2025-05-06 16:29:09');
INSERT INTO scores VALUES(272,16,5,11,2,0,1,2,0,0,0,'2025-05-06 16:29:15');
INSERT INTO scores VALUES(273,17,5,11,2,0,1,2,0,0,0,'2025-05-06 16:29:20');
INSERT INTO scores VALUES(274,18,4,11,2,0,1,3,-1,0,0,'2025-05-06 16:29:23');
INSERT INTO scores VALUES(275,12,5,11,2,0,1,2,0,0,0,'2025-05-06 16:39:28');
INSERT INTO scores VALUES(276,13,5,11,2,0,1,2,0,0,0,'2025-05-06 16:39:31');
INSERT INTO scores VALUES(277,14,5,11,2,0,1,2,0,0,0,'2025-05-06 16:39:34');
INSERT INTO scores VALUES(278,15,4,11,1,0,1,3,-1,0,0,'2025-05-06 16:39:37');
INSERT INTO scores VALUES(279,18,4,12,2,0,0,2,0,0,0,'2025-05-06 16:39:57');
INSERT INTO scores VALUES(280,16,4,12,1,0,0,2,0,0,0,'2025-05-06 16:40:00');
INSERT INTO scores VALUES(281,17,4,12,2,0,1,3,-1,0,0,'2025-05-06 16:40:03');
INSERT INTO scores VALUES(282,18,4,13,1,0,0,2,0,0,0,'2025-05-06 16:50:15');
INSERT INTO scores VALUES(283,17,7,13,3,0,1,0,2,-10,0,'2025-05-06 16:50:21');
INSERT INTO scores VALUES(284,16,5,13,1,0,0,1,1,0,0,'2025-05-06 16:50:25');
INSERT INTO scores VALUES(287,12,5,12,2,0,1,2,0,0,0,'2025-05-06 16:51:06');
INSERT INTO scores VALUES(288,13,5,12,2,0,1,2,0,0,0,'2025-05-06 16:51:12');
INSERT INTO scores VALUES(289,14,3,12,1,0,0,3,-1,10,0,'2025-05-06 16:51:16');
INSERT INTO scores VALUES(290,15,5,12,2,0,0,1,1,0,0,'2025-05-06 16:51:19');
INSERT INTO scores VALUES(291,16,4,14,2,0,1,2,0,0,0,'2025-05-06 16:58:35');
INSERT INTO scores VALUES(292,17,3,14,2,0,1,3,-1,0,0,'2025-05-06 16:58:38');
INSERT INTO scores VALUES(293,18,3,14,2,0,1,3,-1,0,0,'2025-05-06 16:58:49');
INSERT INTO scores VALUES(295,12,6,13,2,0,0,0,2,0,1,'2025-05-06 17:00:52');
INSERT INTO scores VALUES(296,13,7,13,2,0,0,0,3,0,0,'2025-05-06 17:00:56');
INSERT INTO scores VALUES(297,14,5,13,2,0,0,1,1,0,0,'2025-05-06 17:00:59');
INSERT INTO scores VALUES(298,15,4,13,1,0,0,2,0,0,0,'2025-05-06 17:01:10');
INSERT INTO scores VALUES(299,18,5,15,1,0,1,2,0,0,0,'2025-05-06 17:09:36');
INSERT INTO scores VALUES(300,16,6,15,2,0,1,1,1,0,0,'2025-05-06 17:10:22');
INSERT INTO scores VALUES(301,17,6,15,3,0,1,1,1,-10,0,'2025-05-06 17:10:27');
INSERT INTO scores VALUES(302,15,3,14,2,0,0,2,0,0,0,'2025-05-06 17:12:34');
INSERT INTO scores VALUES(303,14,4,14,2,0,1,2,0,0,0,'2025-05-06 17:12:38');
INSERT INTO scores VALUES(304,13,5,14,2,0,1,1,1,0,0,'2025-05-06 17:12:44');
INSERT INTO scores VALUES(305,12,6,14,1,0,1,0,2,0,0,'2025-05-06 17:12:47');
INSERT INTO scores VALUES(308,16,5,16,2,0,1,2,0,0,0,'2025-05-06 17:23:33');
INSERT INTO scores VALUES(309,17,4,16,1,0,1,3,-1,0,0,'2025-05-06 17:23:39');
INSERT INTO scores VALUES(310,18,4,16,2,0,1,3,-1,0,0,'2025-05-06 17:23:41');
INSERT INTO scores VALUES(312,12,8,15,2,0,1,0,3,0,1,'2025-05-06 17:24:06');
INSERT INTO scores VALUES(314,13,5,15,2,0,1,2,0,0,0,'2025-05-06 17:24:19');
INSERT INTO scores VALUES(315,14,5,15,2,0,1,2,0,0,0,'2025-05-06 17:24:27');
INSERT INTO scores VALUES(316,15,5,15,2,0,1,2,0,0,0,'2025-05-06 17:24:33');
INSERT INTO scores VALUES(318,14,4,16,2,0,1,3,-1,0,0,'2025-05-06 17:34:37');
INSERT INTO scores VALUES(319,12,4,16,1,0,1,3,-1,0,0,'2025-05-06 17:34:42');
INSERT INTO scores VALUES(320,15,4,16,1,0,0,2,0,0,0,'2025-05-06 17:34:46');
INSERT INTO scores VALUES(321,13,9,16,2,0,1,0,4,0,0,'2025-05-06 17:34:50');
INSERT INTO scores VALUES(322,16,3,17,1,0,1,3,-1,0,0,'2025-05-06 17:35:01');
INSERT INTO scores VALUES(324,18,4,17,2,0,0,1,1,0,0,'2025-05-06 17:35:05');
INSERT INTO scores VALUES(325,17,5,17,2,0,1,1,1,0,0,'2025-05-06 17:35:09');
INSERT INTO scores VALUES(326,14,8,17,2,0,1,0,4,0,0,'2025-05-06 17:41:21');
INSERT INTO scores VALUES(327,12,4,17,2,0,1,2,0,0,0,'2025-05-06 17:41:28');
INSERT INTO scores VALUES(328,15,4,17,2,0,0,1,1,0,0,'2025-05-06 17:41:31');
INSERT INTO scores VALUES(329,13,7,17,2,0,1,0,3,0,0,'2025-05-06 17:41:41');
INSERT INTO scores VALUES(330,16,6,18,1,0,0,1,1,0,0,'2025-05-06 17:52:46');
INSERT INTO scores VALUES(332,17,6,18,1,0,1,2,0,0,0,'2025-05-06 17:52:53');
INSERT INTO scores VALUES(333,18,6,18,2,0,0,1,1,0,0,'2025-05-06 17:52:58');
INSERT INTO scores VALUES(334,12,7,18,2,0,1,1,1,0,0,'2025-05-06 17:56:55');
INSERT INTO scores VALUES(335,13,5,18,2,0,0,2,0,0,0,'2025-05-06 17:56:59');
INSERT INTO scores VALUES(336,14,10,18,2,0,0,0,5,0,0,'2025-05-06 17:57:03');
INSERT INTO scores VALUES(337,15,6,18,2,0,0,1,1,0,0,'2025-05-06 17:57:09');
INSERT INTO scores VALUES(349,33,6,1,2,0,1,2,0,0,1,'2025-05-13 14:41:04');
INSERT INTO scores VALUES(350,34,5,1,1,0,0,2,0,0,0,'2025-05-13 14:41:07');
INSERT INTO scores VALUES(352,35,6,1,2,0,0,1,1,0,0,'2025-05-13 14:41:16');
INSERT INTO scores VALUES(353,36,6,1,3,0,1,2,0,-10,0,'2025-05-13 14:48:29');
INSERT INTO scores VALUES(354,37,5,1,1,0,1,3,-1,0,0,'2025-05-13 14:48:33');
INSERT INTO scores VALUES(355,38,6,1,1,0,0,1,1,0,1,'2025-05-13 14:48:47');
INSERT INTO scores VALUES(356,33,5,2,2,0,1,2,0,0,0,'2025-05-13 14:54:19');
INSERT INTO scores VALUES(357,34,4,2,2,0,1,3,-1,0,0,'2025-05-13 14:54:22');
INSERT INTO scores VALUES(358,35,4,2,1,0,1,3,-1,0,0,'2025-05-13 14:54:27');
INSERT INTO scores VALUES(359,38,5,2,3,0,0,1,1,-10,0,'2025-05-13 15:01:08');
INSERT INTO scores VALUES(360,37,5,2,2,0,1,2,0,0,0,'2025-05-13 15:01:11');
INSERT INTO scores VALUES(361,36,7,2,3,0,1,0,2,-10,0,'2025-05-13 15:01:17');
INSERT INTO scores VALUES(362,33,4,3,2,0,1,3,-1,0,0,'2025-05-13 15:04:48');
INSERT INTO scores VALUES(363,35,4,3,1,0,1,3,-1,0,0,'2025-05-13 15:04:51');
INSERT INTO scores VALUES(364,34,4,3,2,0,1,3,-1,0,0,'2025-05-13 15:04:53');
INSERT INTO scores VALUES(365,36,5,3,2,0,1,2,0,0,0,'2025-05-13 15:12:31');
INSERT INTO scores VALUES(366,37,6,3,2,0,1,1,1,0,0,'2025-05-13 15:12:35');
INSERT INTO scores VALUES(367,33,4,4,2,0,0,1,1,0,0,'2025-05-13 15:12:35');
INSERT INTO scores VALUES(368,35,3,4,1,0,0,2,0,0,0,'2025-05-13 15:12:38');
INSERT INTO scores VALUES(369,38,5,3,3,0,1,2,0,-10,0,'2025-05-13 15:12:40');
INSERT INTO scores VALUES(371,34,4,4,2,0,0,1,1,0,0,'2025-05-13 15:12:44');
INSERT INTO scores VALUES(372,36,5,4,2,0,1,1,1,0,2,'2025-05-13 15:20:45');
INSERT INTO scores VALUES(373,37,4,4,2,0,1,2,0,0,0,'2025-05-13 15:20:51');
INSERT INTO scores VALUES(374,38,4,4,2,0,0,1,1,0,0,'2025-05-13 15:20:53');
INSERT INTO scores VALUES(375,33,5,5,2,0,1,2,0,0,0,'2025-05-13 15:24:46');
INSERT INTO scores VALUES(376,34,5,5,2,0,0,1,1,0,0,'2025-05-13 15:24:49');
INSERT INTO scores VALUES(377,35,5,5,2,0,1,2,0,0,0,'2025-05-13 15:24:51');
INSERT INTO scores VALUES(378,33,3,6,2,0,0,2,0,0,0,'2025-05-13 15:32:07');
INSERT INTO scores VALUES(379,34,2,6,1,0,0,3,-1,10,0,'2025-05-13 15:32:10');
INSERT INTO scores VALUES(380,35,4,6,2,0,0,1,1,0,0,'2025-05-13 15:32:18');
INSERT INTO scores VALUES(381,37,4,5,1,0,1,3,-1,0,0,'2025-05-13 15:32:34');
INSERT INTO scores VALUES(383,38,5,5,2,0,0,1,1,0,0,'2025-05-13 15:32:37');
INSERT INTO scores VALUES(384,36,8,5,2,0,1,0,3,0,0,'2025-05-13 15:32:44');
INSERT INTO scores VALUES(385,38,4,6,2,0,0,1,1,0,0,'2025-05-13 15:39:31');
INSERT INTO scores VALUES(386,36,3,6,0,0,1,3,-1,0,0,'2025-05-13 15:39:35');
INSERT INTO scores VALUES(387,37,5,6,2,0,1,1,1,0,0,'2025-05-13 15:39:39');
INSERT INTO scores VALUES(390,33,5,7,2,0,1,2,0,0,0,'2025-05-13 15:44:33');
INSERT INTO scores VALUES(391,34,4,7,2,0,1,3,-1,0,0,'2025-05-13 15:44:36');
INSERT INTO scores VALUES(392,35,8,7,2,0,1,0,3,0,0,'2025-05-13 15:44:41');
INSERT INTO scores VALUES(393,37,6,7,2,0,1,1,1,0,0,'2025-05-13 15:54:10');
INSERT INTO scores VALUES(394,38,4,7,1,0,1,3,-1,0,0,'2025-05-13 15:54:14');
INSERT INTO scores VALUES(395,36,7,7,1,0,1,0,2,0,0,'2025-05-13 15:54:18');
INSERT INTO scores VALUES(396,33,6,8,2,0,1,1,1,0,0,'2025-05-13 15:56:22');
INSERT INTO scores VALUES(397,34,5,8,2,0,1,2,0,0,0,'2025-05-13 15:56:27');
INSERT INTO scores VALUES(398,35,5,8,1,0,1,2,0,0,0,'2025-05-13 15:56:30');
INSERT INTO scores VALUES(400,37,6,8,2,0,1,1,1,0,0,'2025-05-13 16:05:39');
INSERT INTO scores VALUES(401,38,5,8,2,0,1,2,0,0,0,'2025-05-13 16:05:43');
INSERT INTO scores VALUES(402,36,5,8,2,0,1,2,0,0,0,'2025-05-13 16:05:52');
INSERT INTO scores VALUES(403,33,5,9,2,0,1,3,-1,0,0,'2025-05-13 16:10:48');
INSERT INTO scores VALUES(404,34,5,9,2,0,0,2,0,0,0,'2025-05-13 16:10:50');
INSERT INTO scores VALUES(405,35,6,9,2,0,1,2,0,0,0,'2025-05-13 16:10:53');
INSERT INTO scores VALUES(406,36,7,9,2,0,1,1,1,0,0,'2025-05-13 16:21:33');
INSERT INTO scores VALUES(407,38,6,9,3,0,0,1,1,-10,0,'2025-05-13 16:21:42');
INSERT INTO scores VALUES(408,37,6,9,2,0,1,2,0,0,0,'2025-05-13 16:21:45');
INSERT INTO scores VALUES(409,33,5,10,1,0,1,2,0,0,0,'2025-05-13 16:23:36');
INSERT INTO scores VALUES(410,34,4,10,2,0,0,2,0,0,0,'2025-05-13 16:23:38');
INSERT INTO scores VALUES(411,35,5,10,3,0,1,2,0,-10,0,'2025-05-13 16:23:42');
INSERT INTO scores VALUES(413,34,4,11,1,0,0,3,-1,10,0,'2025-05-13 16:34:50');
INSERT INTO scores VALUES(414,37,5,10,3,0,1,2,0,-10,0,'2025-05-13 16:35:03');
INSERT INTO scores VALUES(415,36,5,10,1,0,1,2,0,0,0,'2025-05-13 16:35:07');
INSERT INTO scores VALUES(416,38,5,10,2,0,0,1,1,0,0,'2025-05-13 16:35:12');
INSERT INTO scores VALUES(417,33,5,11,1,0,1,3,-1,0,0,'2025-05-13 16:35:47');
INSERT INTO scores VALUES(419,35,5,11,1,0,1,3,-1,0,0,'2025-05-13 16:35:53');
INSERT INTO scores VALUES(420,33,4,12,1,0,1,3,-1,0,0,'2025-05-13 16:45:03');
INSERT INTO scores VALUES(422,34,4,12,1,0,1,3,-1,0,0,'2025-05-13 16:45:09');
INSERT INTO scores VALUES(423,35,6,12,2,0,1,1,1,0,0,'2025-05-13 16:45:12');
INSERT INTO scores VALUES(425,36,7,11,2,0,1,1,1,0,0,'2025-05-13 16:51:54');
INSERT INTO scores VALUES(426,38,6,11,3,0,0,1,1,-10,0,'2025-05-13 16:51:58');
INSERT INTO scores VALUES(427,37,7,11,2,0,1,1,1,0,0,'2025-05-13 16:52:10');
INSERT INTO scores VALUES(428,36,6,12,2,0,1,1,1,0,0,'2025-05-13 17:01:18');
INSERT INTO scores VALUES(429,38,4,12,2,0,1,3,-1,0,0,'2025-05-13 17:01:21');
INSERT INTO scores VALUES(430,37,5,12,2,0,1,2,0,0,0,'2025-05-13 17:01:32');
INSERT INTO scores VALUES(431,33,6,13,1,0,1,2,0,0,0,'2025-05-13 17:02:59');
INSERT INTO scores VALUES(432,34,6,13,3,0,1,2,0,-10,0,'2025-05-13 17:03:02');
INSERT INTO scores VALUES(433,35,9,13,2,0,1,0,3,0,0,'2025-05-13 17:03:05');
INSERT INTO scores VALUES(434,33,4,14,2,0,0,1,1,0,0,'2025-05-13 17:03:09');
INSERT INTO scores VALUES(435,34,3,14,2,0,0,2,0,0,0,'2025-05-13 17:03:12');
INSERT INTO scores VALUES(436,35,4,14,2,0,0,1,1,0,0,'2025-05-13 17:03:16');
INSERT INTO scores VALUES(437,34,5,15,2,0,1,2,0,0,0,'2025-05-13 17:12:58');
INSERT INTO scores VALUES(438,33,7,15,2,0,1,0,2,0,0,'2025-05-13 17:13:01');
INSERT INTO scores VALUES(439,35,5,15,2,0,1,2,0,0,0,'2025-05-13 17:13:08');
INSERT INTO scores VALUES(441,36,8,13,3,0,1,0,2,-10,0,'2025-05-13 17:14:40');
INSERT INTO scores VALUES(442,38,9,13,3,0,1,0,3,-10,1,'2025-05-13 17:14:46');
INSERT INTO scores VALUES(443,37,6,13,2,0,1,2,0,0,0,'2025-05-13 17:14:56');
INSERT INTO scores VALUES(444,38,5,14,3,0,0,0,2,-10,0,'2025-05-13 17:21:20');
INSERT INTO scores VALUES(445,37,3,14,1,0,1,3,-1,0,0,'2025-05-13 17:21:23');
INSERT INTO scores VALUES(446,36,3,14,2,0,1,3,-1,0,0,'2025-05-13 17:21:27');
INSERT INTO scores VALUES(447,33,5,16,2,0,1,2,0,0,0,'2025-05-13 17:23:50');
INSERT INTO scores VALUES(448,34,5,16,1,0,0,1,1,0,0,'2025-05-13 17:23:53');
INSERT INTO scores VALUES(449,35,6,16,2,0,0,0,2,0,0,'2025-05-13 17:23:56');
INSERT INTO scores VALUES(451,33,3,17,1,0,1,3,-1,0,0,'2025-05-13 17:30:02');
INSERT INTO scores VALUES(452,34,4,17,2,0,1,2,0,0,0,'2025-05-13 17:30:05');
INSERT INTO scores VALUES(453,35,5,17,2,0,1,1,1,0,0,'2025-05-13 17:30:09');
INSERT INTO scores VALUES(454,36,4,15,1,0,2,4,-2,0,0,'2025-05-13 17:34:59');
INSERT INTO scores VALUES(455,37,6,15,2,0,1,1,1,0,0,'2025-05-13 17:35:02');
INSERT INTO scores VALUES(456,38,6,15,2,0,1,1,1,0,0,'2025-05-13 17:35:06');
INSERT INTO scores VALUES(457,33,4,18,2,0,1,3,-1,0,0,'2025-05-13 17:42:33');
INSERT INTO scores VALUES(458,35,5,18,2,0,1,2,0,0,0,'2025-05-13 17:42:39');
INSERT INTO scores VALUES(459,34,6,18,2,0,1,1,1,0,0,'2025-05-13 17:42:48');
INSERT INTO scores VALUES(460,38,4,16,1,0,0,2,0,0,0,'2025-05-13 17:44:12');
INSERT INTO scores VALUES(461,37,5,16,2,0,1,2,0,0,0,'2025-05-13 17:44:15');
INSERT INTO scores VALUES(462,36,5,16,2,0,1,2,0,0,0,'2025-05-13 17:44:20');
INSERT INTO scores VALUES(463,37,4,17,2,0,1,2,0,0,0,'2025-05-13 17:49:55');
INSERT INTO scores VALUES(464,38,3,17,1,0,0,2,0,0,0,'2025-05-13 17:50:03');
INSERT INTO scores VALUES(465,36,4,17,3,0,1,2,0,-10,0,'2025-05-13 17:50:06');
INSERT INTO scores VALUES(466,36,5,18,2,0,1,2,0,0,0,'2025-05-13 18:00:25');
INSERT INTO scores VALUES(467,37,4,18,1,0,1,3,-1,0,0,'2025-05-13 18:00:29');
INSERT INTO scores VALUES(468,38,3,18,1,0,0,3,-1,10,0,'2025-05-13 18:00:34');
INSERT INTO scores VALUES(469,39,4,1,0,0,0,2,0,0,0,'2025-05-20 14:38:49');
INSERT INTO scores VALUES(470,40,4,1,0,0,0,2,0,0,0,'2025-05-20 14:38:54');
INSERT INTO scores VALUES(473,40,5,2,0,0,1,3,-1,0,0,'2025-05-20 14:52:09');
INSERT INTO scores VALUES(474,39,5,2,0,0,0,2,0,0,0,'2025-05-20 14:52:22');
INSERT INTO scores VALUES(475,39,4,3,0,0,1,3,-1,0,0,'2025-05-20 15:05:16');
INSERT INTO scores VALUES(476,40,6,3,0,0,1,1,1,0,0,'2025-05-20 15:05:19');
INSERT INTO scores VALUES(477,43,5,1,0,0,0,1,1,0,0,'2025-05-20 15:09:21');
INSERT INTO scores VALUES(479,43,5,2,0,0,0,2,0,0,0,'2025-05-20 15:09:28');
INSERT INTO scores VALUES(482,43,5,3,0,0,1,2,0,0,0,'2025-05-20 15:14:05');
INSERT INTO scores VALUES(483,39,5,4,0,0,1,3,-1,0,0,'2025-05-20 15:18:49');
INSERT INTO scores VALUES(484,40,4,4,0,0,1,4,-2,0,0,'2025-05-20 15:18:52');
INSERT INTO scores VALUES(485,39,3,5,0,0,0,2,0,0,0,'2025-05-20 15:26:38');
INSERT INTO scores VALUES(486,40,4,5,0,0,0,1,1,0,0,'2025-05-20 15:26:40');
INSERT INTO scores VALUES(487,43,5,4,0,0,1,3,-1,0,0,'2025-05-20 15:29:58');
INSERT INTO scores VALUES(488,43,3,5,0,0,0,2,0,0,0,'2025-05-20 15:36:50');
INSERT INTO scores VALUES(489,39,4,6,0,0,1,3,-1,0,0,'2025-05-20 15:37:59');
INSERT INTO scores VALUES(490,40,4,6,0,0,1,3,-1,0,0,'2025-05-20 15:38:02');
INSERT INTO scores VALUES(491,39,4,7,0,0,0,2,0,0,0,'2025-05-20 15:48:11');
INSERT INTO scores VALUES(492,40,5,7,0,0,0,1,1,0,0,'2025-05-20 15:48:24');
INSERT INTO scores VALUES(493,43,4,6,0,0,1,3,-1,0,0,'2025-05-20 15:52:48');
INSERT INTO scores VALUES(494,39,4,8,0,0,0,1,1,0,0,'2025-05-20 15:55:09');
INSERT INTO scores VALUES(495,40,4,8,0,0,1,2,0,0,0,'2025-05-20 15:55:11');
INSERT INTO scores VALUES(496,43,5,7,0,0,0,1,1,0,0,'2025-05-20 15:59:16');
INSERT INTO scores VALUES(497,39,4,9,0,0,0,2,0,0,0,'2025-05-20 16:05:24');
INSERT INTO scores VALUES(498,40,4,9,0,0,1,3,-1,0,0,'2025-05-20 16:05:26');
INSERT INTO scores VALUES(499,43,5,9,0,0,0,1,1,0,0,'2025-05-20 16:05:59');
INSERT INTO scores VALUES(500,43,3,8,0,0,1,3,-1,0,0,'2025-05-20 16:06:04');
INSERT INTO scores VALUES(503,40,6,10,0,0,1,2,0,0,0,'2025-05-20 16:20:11');
INSERT INTO scores VALUES(504,39,6,10,0,0,0,1,1,0,0,'2025-05-20 16:20:13');
INSERT INTO scores VALUES(505,43,6,10,0,0,0,1,1,0,0,'2025-05-20 16:29:01');
INSERT INTO scores VALUES(506,39,4,11,0,0,1,3,-1,0,0,'2025-05-20 16:33:13');
INSERT INTO scores VALUES(507,40,4,11,0,0,1,3,-1,0,0,'2025-05-20 16:33:15');
INSERT INTO scores VALUES(509,43,6,11,0,0,1,1,1,0,0,'2025-05-20 16:41:07');
INSERT INTO scores VALUES(510,39,4,12,0,0,0,2,0,0,0,'2025-05-20 16:43:35');
INSERT INTO scores VALUES(511,40,5,12,0,0,0,1,1,0,0,'2025-05-20 16:43:37');
INSERT INTO scores VALUES(512,43,4,12,0,0,0,2,0,0,0,'2025-05-20 16:51:03');
INSERT INTO scores VALUES(513,39,4,13,0,0,0,2,0,0,0,'2025-05-20 16:57:37');
INSERT INTO scores VALUES(514,40,3,13,0,0,0,3,-1,0,0,'2025-05-20 16:57:39');
INSERT INTO scores VALUES(515,39,2,14,0,0,0,3,-1,0,0,'2025-05-20 17:06:34');
INSERT INTO scores VALUES(516,40,4,14,0,0,1,2,0,0,0,'2025-05-20 17:06:37');
INSERT INTO scores VALUES(517,43,4,13,0,0,0,2,0,0,0,'2025-05-20 17:13:53');
INSERT INTO scores VALUES(518,43,3,14,0,0,0,2,0,0,0,'2025-05-20 17:13:56');
INSERT INTO scores VALUES(520,39,3,15,0,0,1,4,-2,0,0,'2025-05-20 17:19:03');
INSERT INTO scores VALUES(521,40,4,15,0,0,1,3,-1,0,0,'2025-05-20 17:19:05');
INSERT INTO scores VALUES(522,43,4,15,0,0,1,3,-1,0,0,'2025-05-20 17:26:36');
INSERT INTO scores VALUES(523,39,3,16,0,0,0,3,-1,0,0,'2025-05-20 17:29:14');
INSERT INTO scores VALUES(524,40,4,16,0,0,1,3,-1,0,0,'2025-05-20 17:29:50');
INSERT INTO scores VALUES(525,39,2,17,0,0,0,3,-1,0,0,'2025-05-20 17:37:15');
INSERT INTO scores VALUES(526,40,3,17,0,0,1,3,-1,0,0,'2025-05-20 17:37:17');
INSERT INTO scores VALUES(527,43,5,16,0,0,1,2,0,0,0,'2025-05-20 17:38:44');
INSERT INTO scores VALUES(528,39,4,18,0,0,0,3,-1,0,0,'2025-05-20 17:50:31');
INSERT INTO scores VALUES(529,40,6,18,0,0,0,1,1,0,0,'2025-05-20 17:50:51');
INSERT INTO scores VALUES(530,43,3,17,0,0,0,2,0,0,0,'2025-05-20 17:58:18');
INSERT INTO scores VALUES(531,43,5,18,0,0,0,2,0,0,0,'2025-05-20 18:01:39');
INSERT INTO scores VALUES(534,51,6,1,3,0,0,1,1,-10,0,'2025-05-27 14:51:06');
INSERT INTO scores VALUES(535,49,4,1,1,0,0,3,-1,10,0,'2025-05-27 14:51:11');
INSERT INTO scores VALUES(536,50,5,1,2,0,0,2,0,0,0,'2025-05-27 14:51:18');
INSERT INTO scores VALUES(537,48,8,1,2,0,1,0,2,0,0,'2025-05-27 14:51:21');
INSERT INTO scores VALUES(538,52,6,1,2,0,1,2,0,0,0,'2025-05-27 14:56:59');
INSERT INTO scores VALUES(539,53,6,1,2,0,1,2,0,0,0,'2025-05-27 14:57:09');
INSERT INTO scores VALUES(540,54,5,1,1,0,1,3,-1,0,0,'2025-05-27 14:57:14');
INSERT INTO scores VALUES(541,52,4,2,2,0,1,3,-1,0,0,'2025-05-27 14:57:22');
INSERT INTO scores VALUES(542,53,5,2,2,0,1,2,0,0,0,'2025-05-27 14:57:26');
INSERT INTO scores VALUES(543,54,5,2,2,0,1,2,0,0,0,'2025-05-27 14:57:29');
INSERT INTO scores VALUES(544,52,5,3,1,0,1,2,0,0,0,'2025-05-27 15:03:55');
INSERT INTO scores VALUES(545,53,7,3,3,0,1,0,2,-10,0,'2025-05-27 15:04:01');
INSERT INTO scores VALUES(546,54,4,3,1,0,1,3,-1,0,0,'2025-05-27 15:04:08');
INSERT INTO scores VALUES(548,51,5,2,2,0,1,2,0,0,0,'2025-05-27 15:05:43');
INSERT INTO scores VALUES(549,49,5,2,2,0,1,2,0,0,0,'2025-05-27 15:05:59');
INSERT INTO scores VALUES(550,50,5,2,2,0,1,2,0,0,0,'2025-05-27 15:06:14');
INSERT INTO scores VALUES(551,48,4,2,2,0,1,3,-1,0,0,'2025-05-27 15:06:32');
INSERT INTO scores VALUES(552,52,5,4,3,0,0,1,1,-10,0,'2025-05-27 15:14:50');
INSERT INTO scores VALUES(553,53,4,4,2,0,1,3,-1,0,0,'2025-05-27 15:14:57');
INSERT INTO scores VALUES(554,54,4,4,1,0,0,2,0,0,0,'2025-05-27 15:15:00');
INSERT INTO scores VALUES(555,51,3,3,1,0,0,3,-1,10,0,'2025-05-27 15:16:31');
INSERT INTO scores VALUES(556,50,4,3,2,0,0,2,0,0,0,'2025-05-27 15:16:37');
INSERT INTO scores VALUES(557,48,4,3,1,0,1,3,-1,0,0,'2025-05-27 15:17:11');
INSERT INTO scores VALUES(558,49,5,3,2,0,0,1,1,0,0,'2025-05-27 15:17:35');
INSERT INTO scores VALUES(559,52,4,5,2,0,1,2,0,0,0,'2025-05-27 15:25:41');
INSERT INTO scores VALUES(560,53,5,5,2,0,1,1,1,0,0,'2025-05-27 15:25:46');
INSERT INTO scores VALUES(561,54,4,5,2,0,1,2,0,0,0,'2025-05-27 15:25:51');
INSERT INTO scores VALUES(562,51,4,4,2,0,0,2,0,0,0,'2025-05-27 15:31:21');
INSERT INTO scores VALUES(564,50,4,4,1,0,0,2,0,0,0,'2025-05-27 15:31:26');
INSERT INTO scores VALUES(565,49,5,4,2,0,0,1,1,0,0,'2025-05-27 15:31:29');
INSERT INTO scores VALUES(566,48,7,4,2,0,0,0,3,0,0,'2025-05-27 15:31:36');
INSERT INTO scores VALUES(567,52,4,6,1,0,1,3,-1,0,0,'2025-05-27 15:31:36');
INSERT INTO scores VALUES(568,53,6,6,2,0,1,1,1,0,0,'2025-05-27 15:31:45');
INSERT INTO scores VALUES(569,54,6,6,2,0,1,1,1,0,0,'2025-05-27 15:31:50');
INSERT INTO scores VALUES(570,51,3,5,2,0,0,2,0,0,0,'2025-05-27 15:39:11');
INSERT INTO scores VALUES(571,48,5,5,2,0,1,1,1,0,0,'2025-05-27 15:39:18');
INSERT INTO scores VALUES(572,50,5,5,2,0,1,1,1,0,0,'2025-05-27 15:39:21');
INSERT INTO scores VALUES(573,49,4,5,2,0,0,1,1,0,0,'2025-05-27 15:39:38');
INSERT INTO scores VALUES(574,52,5,7,2,0,1,2,0,0,0,'2025-05-27 15:43:45');
INSERT INTO scores VALUES(575,53,6,7,2,0,1,1,1,0,0,'2025-05-27 15:43:49');
INSERT INTO scores VALUES(576,54,9,7,0,0,1,0,4,0,0,'2025-05-27 15:44:27');
INSERT INTO scores VALUES(577,52,4,8,2,0,1,2,0,0,0,'2025-05-27 15:50:01');
INSERT INTO scores VALUES(578,53,3,8,2,0,1,3,-1,0,0,'2025-05-27 15:50:04');
INSERT INTO scores VALUES(579,54,4,8,2,0,1,2,0,0,0,'2025-05-27 15:50:08');
INSERT INTO scores VALUES(580,50,3,6,1,0,1,4,-2,10,0,'2025-05-27 15:51:21');
INSERT INTO scores VALUES(581,51,5,6,3,0,1,2,0,-10,0,'2025-05-27 15:51:24');
INSERT INTO scores VALUES(582,48,5,6,3,0,1,2,0,-10,0,'2025-05-27 15:51:28');
INSERT INTO scores VALUES(583,49,5,6,3,0,1,2,0,-10,0,'2025-05-27 15:51:33');
INSERT INTO scores VALUES(585,52,5,9,1,0,0,2,0,0,0,'2025-05-27 16:04:07');
INSERT INTO scores VALUES(586,53,6,9,2,0,1,2,0,0,0,'2025-05-27 16:04:11');
INSERT INTO scores VALUES(587,54,6,9,3,0,0,1,1,-10,0,'2025-05-27 16:04:15');
INSERT INTO scores VALUES(588,48,5,7,2,0,1,2,0,0,0,'2025-05-27 16:04:40');
INSERT INTO scores VALUES(589,49,7,7,2,0,1,0,2,0,0,'2025-05-27 16:04:44');
INSERT INTO scores VALUES(590,50,5,7,2,0,1,2,0,0,0,'2025-05-27 16:04:48');
INSERT INTO scores VALUES(591,51,4,7,1,0,1,3,-1,0,0,'2025-05-27 16:04:52');
INSERT INTO scores VALUES(592,51,4,8,1,0,0,1,1,0,0,'2025-05-27 16:12:34');
INSERT INTO scores VALUES(593,48,5,8,3,0,1,1,1,-10,0,'2025-05-27 16:12:42');
INSERT INTO scores VALUES(594,49,3,8,1,0,0,2,0,0,0,'2025-05-27 16:12:50');
INSERT INTO scores VALUES(595,50,4,8,2,0,0,1,1,0,0,'2025-05-27 16:12:55');
INSERT INTO scores VALUES(596,52,6,10,2,0,1,2,0,0,0,'2025-05-27 16:17:46');
INSERT INTO scores VALUES(597,54,5,10,3,0,1,3,-1,-10,0,'2025-05-27 16:17:50');
INSERT INTO scores VALUES(598,53,7,10,2,0,1,1,1,0,0,'2025-05-27 16:18:01');
INSERT INTO scores VALUES(599,52,4,11,1,0,1,3,-1,0,0,'2025-05-27 16:27:15');
INSERT INTO scores VALUES(600,53,7,11,2,0,1,0,2,0,0,'2025-05-27 16:27:21');
INSERT INTO scores VALUES(601,54,4,11,2,0,1,3,-1,0,0,'2025-05-27 16:27:25');
INSERT INTO scores VALUES(602,51,7,9,2,0,0,0,2,0,0,'2025-05-27 16:27:29');
INSERT INTO scores VALUES(603,50,6,9,2,0,0,1,1,0,0,'2025-05-27 16:27:35');
INSERT INTO scores VALUES(604,48,5,9,2,0,0,2,0,0,0,'2025-05-27 16:27:39');
INSERT INTO scores VALUES(605,49,5,9,3,0,0,2,0,-10,0,'2025-05-27 16:27:41');
INSERT INTO scores VALUES(606,52,4,12,1,0,1,3,-1,0,0,'2025-05-27 16:35:57');
INSERT INTO scores VALUES(607,53,5,12,1,0,1,2,0,0,0,'2025-05-27 16:36:03');
INSERT INTO scores VALUES(608,54,4,12,2,0,1,3,-1,0,0,'2025-05-27 16:36:05');
INSERT INTO scores VALUES(610,52,4,13,2,0,0,1,1,0,0,'2025-05-27 16:41:44');
INSERT INTO scores VALUES(611,53,3,13,1,0,1,3,-1,0,0,'2025-05-27 16:41:54');
INSERT INTO scores VALUES(612,54,4,13,2,0,0,1,1,0,0,'2025-05-27 16:41:58');
INSERT INTO scores VALUES(613,51,5,10,1,0,0,2,0,0,0,'2025-05-27 16:46:49');
INSERT INTO scores VALUES(614,50,6,10,1,0,0,1,1,0,0,'2025-05-27 16:46:56');
INSERT INTO scores VALUES(615,48,5,10,2,0,1,3,-1,0,0,'2025-05-27 16:47:00');
INSERT INTO scores VALUES(616,49,7,10,2,0,0,0,2,0,0,'2025-05-27 16:47:39');
INSERT INTO scores VALUES(617,52,4,14,1,0,1,3,-1,0,0,'2025-05-27 16:50:48');
INSERT INTO scores VALUES(618,53,4,14,1,0,1,3,-1,0,0,'2025-05-27 16:50:53');
INSERT INTO scores VALUES(619,54,5,14,2,0,1,2,0,0,0,'2025-05-27 16:50:56');
INSERT INTO scores VALUES(620,52,4,15,2,0,0,1,1,0,0,'2025-05-27 16:56:36');
INSERT INTO scores VALUES(621,53,5,15,3,0,1,1,1,-10,0,'2025-05-27 16:56:44');
INSERT INTO scores VALUES(623,54,3,15,2,0,0,2,0,0,0,'2025-05-27 16:56:49');
INSERT INTO scores VALUES(624,51,5,11,3,0,0,1,1,-10,0,'2025-05-27 16:58:37');
INSERT INTO scores VALUES(625,50,3,11,1,0,1,4,-2,10,0,'2025-05-27 16:58:41');
INSERT INTO scores VALUES(626,48,3,11,1,0,1,4,-2,10,0,'2025-05-27 16:58:45');
INSERT INTO scores VALUES(627,49,4,11,2,0,1,3,-1,0,0,'2025-05-27 16:58:50');
INSERT INTO scores VALUES(628,52,4,16,2,0,1,3,-1,0,0,'2025-05-27 17:05:15');
INSERT INTO scores VALUES(629,53,4,16,2,0,1,3,-1,0,0,'2025-05-27 17:05:17');
INSERT INTO scores VALUES(630,54,6,16,3,0,1,1,1,-10,0,'2025-05-27 17:05:22');
INSERT INTO scores VALUES(631,48,5,12,2,0,1,2,0,0,0,'2025-05-27 17:10:59');
INSERT INTO scores VALUES(632,49,7,12,3,0,1,0,2,-10,0,'2025-05-27 17:11:10');
INSERT INTO scores VALUES(633,50,4,12,1,0,1,3,-1,0,0,'2025-05-27 17:11:15');
INSERT INTO scores VALUES(634,51,5,12,2,0,1,2,0,0,0,'2025-05-27 17:11:17');
INSERT INTO scores VALUES(635,52,4,17,2,0,1,3,-1,0,0,'2025-05-27 17:14:01');
INSERT INTO scores VALUES(636,53,5,17,3,0,2,3,-1,-10,0,'2025-05-27 17:14:06');
INSERT INTO scores VALUES(638,54,4,17,2,0,1,3,-1,0,0,'2025-05-27 17:14:10');
INSERT INTO scores VALUES(639,51,3,13,1,0,0,2,0,0,0,'2025-05-27 17:17:01');
INSERT INTO scores VALUES(640,49,3,13,2,0,0,2,0,0,0,'2025-05-27 17:17:06');
INSERT INTO scores VALUES(641,50,3,13,2,0,0,2,0,0,0,'2025-05-27 17:17:10');
INSERT INTO scores VALUES(642,48,4,13,2,0,0,1,1,0,0,'2025-05-27 17:17:14');
INSERT INTO scores VALUES(643,52,8,18,2,1,1,0,2,0,0,'2025-05-27 17:26:13');
INSERT INTO scores VALUES(644,53,7,18,1,0,1,1,1,0,0,'2025-05-27 17:26:19');
INSERT INTO scores VALUES(647,54,6,18,1,0,1,2,0,0,0,'2025-05-27 17:26:35');
INSERT INTO scores VALUES(648,50,5,14,2,0,0,1,1,0,0,'2025-05-27 17:30:08');
INSERT INTO scores VALUES(649,48,5,14,2,0,1,2,0,0,0,'2025-05-27 17:30:13');
INSERT INTO scores VALUES(650,49,5,14,2,0,0,1,1,0,0,'2025-05-27 17:30:17');
INSERT INTO scores VALUES(651,51,8,14,2,0,0,0,4,0,0,'2025-05-27 17:30:22');
INSERT INTO scores VALUES(652,51,3,15,2,0,0,2,0,0,0,'2025-05-27 17:37:07');
INSERT INTO scores VALUES(653,49,3,15,2,0,0,2,0,0,0,'2025-05-27 17:37:16');
INSERT INTO scores VALUES(654,48,3,15,1,0,1,3,-1,0,0,'2025-05-27 17:37:36');
INSERT INTO scores VALUES(655,50,4,15,2,0,0,1,1,0,0,'2025-05-27 17:37:46');
INSERT INTO scores VALUES(656,48,5,16,2,0,1,2,0,0,0,'2025-05-27 17:49:33');
INSERT INTO scores VALUES(657,49,4,16,2,0,1,3,-1,0,0,'2025-05-27 17:49:38');
INSERT INTO scores VALUES(658,50,4,16,2,0,1,3,-1,0,0,'2025-05-27 17:49:40');
INSERT INTO scores VALUES(659,51,5,16,1,0,1,2,0,0,0,'2025-05-27 17:49:44');
INSERT INTO scores VALUES(660,51,5,17,3,0,1,2,0,-10,0,'2025-05-27 18:02:57');
INSERT INTO scores VALUES(661,50,4,17,1,0,1,3,-1,0,0,'2025-05-27 18:03:01');
INSERT INTO scores VALUES(662,48,7,17,2,0,1,0,2,0,0,'2025-05-27 18:03:19');
INSERT INTO scores VALUES(663,49,5,17,1,0,1,2,0,0,0,'2025-05-27 18:03:31');
INSERT INTO scores VALUES(664,50,6,18,2,0,1,2,0,0,0,'2025-05-27 18:18:22');
INSERT INTO scores VALUES(665,48,7,18,2,0,1,1,1,0,0,'2025-05-27 18:18:25');
INSERT INTO scores VALUES(666,51,4,18,1,0,0,3,-1,10,0,'2025-05-27 18:18:28');
INSERT INTO scores VALUES(667,49,5,18,2,0,0,2,0,0,0,'2025-05-27 18:18:31');
INSERT INTO scores VALUES(668,55,7,1,2,0,1,0,2,0,0,'2025-06-03 14:48:35');
INSERT INTO scores VALUES(669,56,4,1,1,0,1,3,-1,0,0,'2025-06-03 14:48:39');
INSERT INTO scores VALUES(670,57,5,1,2,0,0,1,1,0,0,'2025-06-03 14:48:42');
INSERT INTO scores VALUES(671,59,5,1,2,0,0,1,1,0,0,'2025-06-03 14:57:14');
INSERT INTO scores VALUES(672,60,4,1,2,0,0,2,0,0,0,'2025-06-03 14:57:17');
INSERT INTO scores VALUES(673,58,6,1,3,0,1,1,1,-10,0,'2025-06-03 14:57:22');
INSERT INTO scores VALUES(674,55,6,2,2,0,1,2,0,0,0,'2025-06-03 15:03:21');
INSERT INTO scores VALUES(675,56,7,2,2,0,1,1,1,0,0,'2025-06-03 15:03:24');
INSERT INTO scores VALUES(676,57,6,2,2,0,0,1,1,0,0,'2025-06-03 15:03:27');
INSERT INTO scores VALUES(677,58,6,2,2,0,1,2,0,0,0,'2025-06-03 15:10:46');
INSERT INTO scores VALUES(678,59,6,2,2,0,0,1,1,0,1,'2025-06-03 15:10:48');
INSERT INTO scores VALUES(679,60,6,2,2,0,0,1,1,0,0,'2025-06-03 15:10:51');
INSERT INTO scores VALUES(680,55,4,3,1,0,1,3,-1,0,0,'2025-06-03 15:16:08');
INSERT INTO scores VALUES(681,56,6,3,2,0,1,1,1,0,0,'2025-06-03 15:16:12');
INSERT INTO scores VALUES(682,57,7,3,3,0,1,0,2,-10,0,'2025-06-03 15:16:16');
INSERT INTO scores VALUES(683,58,5,3,2,0,1,2,0,0,0,'2025-06-03 15:25:12');
INSERT INTO scores VALUES(684,59,4,3,2,0,1,3,-1,0,0,'2025-06-03 15:25:16');
INSERT INTO scores VALUES(685,60,5,3,2,0,1,2,0,0,0,'2025-06-03 15:25:18');
INSERT INTO scores VALUES(687,55,9,4,3,0,1,0,3,-10,0,'2025-06-03 15:32:42');
INSERT INTO scores VALUES(688,56,6,4,2,0,1,2,0,0,0,'2025-06-03 15:32:46');
INSERT INTO scores VALUES(689,57,5,4,2,0,1,3,-1,0,0,'2025-06-03 15:32:48');
INSERT INTO scores VALUES(690,57,4,5,2,0,0,1,1,0,0,'2025-06-03 15:39:26');
INSERT INTO scores VALUES(691,56,4,5,2,0,0,1,1,0,0,'2025-06-03 15:39:31');
INSERT INTO scores VALUES(692,55,3,5,2,0,1,3,-1,0,0,'2025-06-03 15:39:34');
INSERT INTO scores VALUES(693,58,6,4,2,0,1,2,0,0,0,'2025-06-03 15:41:01');
INSERT INTO scores VALUES(694,59,5,4,2,0,1,3,-1,0,0,'2025-06-03 15:41:03');
INSERT INTO scores VALUES(695,60,6,4,2,0,1,2,0,0,0,'2025-06-03 15:41:05');
INSERT INTO scores VALUES(696,58,4,5,1,0,1,2,0,0,0,'2025-06-03 15:46:55');
INSERT INTO scores VALUES(697,59,4,5,1,0,0,1,1,0,0,'2025-06-03 15:47:01');
INSERT INTO scores VALUES(698,60,3,5,2,0,0,2,0,0,0,'2025-06-03 15:47:04');
INSERT INTO scores VALUES(699,55,8,6,3,0,1,0,3,-10,0,'2025-06-03 15:51:05');
INSERT INTO scores VALUES(700,56,5,6,2,0,1,2,0,0,0,'2025-06-03 15:51:17');
INSERT INTO scores VALUES(701,57,4,6,1,0,1,3,-1,0,0,'2025-06-03 15:51:20');
INSERT INTO scores VALUES(702,58,6,6,2,0,1,1,1,0,0,'2025-06-03 15:58:57');
INSERT INTO scores VALUES(703,59,3,6,1,0,1,4,-2,10,0,'2025-06-03 15:59:00');
INSERT INTO scores VALUES(704,60,4,6,1,0,1,3,-1,0,0,'2025-06-03 15:59:04');
INSERT INTO scores VALUES(705,55,4,7,1,0,1,3,-1,0,0,'2025-06-03 16:04:57');
INSERT INTO scores VALUES(707,56,6,7,2,0,0,0,2,0,0,'2025-06-03 16:05:03');
INSERT INTO scores VALUES(708,57,6,7,1,0,0,0,2,0,0,'2025-06-03 16:05:15');
INSERT INTO scores VALUES(709,55,6,8,2,0,1,0,2,0,0,'2025-06-03 16:13:42');
INSERT INTO scores VALUES(710,56,5,8,2,0,1,1,1,0,0,'2025-06-03 16:13:51');
INSERT INTO scores VALUES(711,57,6,8,2,0,1,0,2,0,0,'2025-06-03 16:13:54');
INSERT INTO scores VALUES(712,59,5,7,2,0,0,1,1,0,0,'2025-06-03 16:14:19');
INSERT INTO scores VALUES(713,60,4,7,1,0,0,2,0,0,0,'2025-06-03 16:14:22');
INSERT INTO scores VALUES(714,58,5,7,2,0,1,2,0,0,0,'2025-06-03 16:14:25');
INSERT INTO scores VALUES(715,59,3,8,0,0,0,2,0,0,0,'2025-06-03 16:19:59');
INSERT INTO scores VALUES(716,60,4,8,2,0,0,1,1,0,0,'2025-06-03 16:20:04');
INSERT INTO scores VALUES(717,58,4,8,3,0,1,2,0,-10,0,'2025-06-03 16:20:07');
INSERT INTO scores VALUES(718,55,5,9,2,0,1,2,0,0,0,'2025-06-03 16:26:14');
INSERT INTO scores VALUES(719,56,4,9,2,0,1,3,-1,0,0,'2025-06-03 16:26:16');
INSERT INTO scores VALUES(720,57,3,9,1,0,0,3,-1,10,0,'2025-06-03 16:26:19');
INSERT INTO scores VALUES(721,58,7,9,2,0,1,0,2,0,0,'2025-06-03 16:35:46');
INSERT INTO scores VALUES(722,59,5,9,2,0,0,1,1,0,0,'2025-06-03 16:35:52');
INSERT INTO scores VALUES(723,60,5,9,2,0,0,1,1,0,1,'2025-06-03 16:35:57');
INSERT INTO scores VALUES(724,55,5,10,2,0,1,3,-1,0,0,'2025-06-03 16:45:34');
INSERT INTO scores VALUES(725,56,6,10,2,0,1,2,0,0,0,'2025-06-03 16:45:37');
INSERT INTO scores VALUES(726,57,5,10,2,0,0,2,0,0,0,'2025-06-03 16:45:40');
INSERT INTO scores VALUES(727,58,5,10,1,0,1,3,-1,0,0,'2025-06-03 16:50:43');
INSERT INTO scores VALUES(728,59,5,10,2,0,0,2,0,0,0,'2025-06-03 16:50:45');
INSERT INTO scores VALUES(729,60,6,10,2,0,0,1,1,0,0,'2025-06-03 16:50:51');
INSERT INTO scores VALUES(730,55,5,11,2,0,1,2,0,0,0,'2025-06-03 17:02:09');
INSERT INTO scores VALUES(731,56,5,11,2,0,1,2,0,0,0,'2025-06-03 17:02:12');
INSERT INTO scores VALUES(732,57,6,11,3,0,1,1,1,-10,0,'2025-06-03 17:02:15');
INSERT INTO scores VALUES(733,58,5,11,2,1,1,2,0,0,0,'2025-06-03 17:09:01');
INSERT INTO scores VALUES(734,59,6,11,3,0,1,1,1,-10,0,'2025-06-03 17:09:06');
INSERT INTO scores VALUES(735,60,3,11,1,0,1,4,-2,10,0,'2025-06-03 17:09:10');
INSERT INTO scores VALUES(738,56,7,12,1,0,1,0,2,0,0,'2025-06-03 17:10:42');
INSERT INTO scores VALUES(739,57,4,12,2,0,0,2,0,0,0,'2025-06-03 17:10:45');
INSERT INTO scores VALUES(740,55,4,12,1,0,1,3,-1,0,0,'2025-06-03 17:10:52');
INSERT INTO scores VALUES(741,58,5,12,2,0,1,2,0,0,0,'2025-06-03 17:18:38');
INSERT INTO scores VALUES(742,59,4,12,1,0,0,2,0,0,0,'2025-06-03 17:18:41');
INSERT INTO scores VALUES(743,60,4,12,2,0,0,2,0,0,0,'2025-06-03 17:18:43');
INSERT INTO scores VALUES(744,55,4,13,2,0,0,2,0,0,0,'2025-06-03 17:26:06');
INSERT INTO scores VALUES(746,56,6,13,2,0,0,0,2,0,1,'2025-06-03 17:26:09');
INSERT INTO scores VALUES(747,57,4,13,1,0,0,2,0,0,0,'2025-06-03 17:26:14');
INSERT INTO scores VALUES(748,60,4,13,2,0,0,2,0,0,0,'2025-06-03 17:30:50');
INSERT INTO scores VALUES(749,59,4,13,1,0,0,2,0,0,0,'2025-06-03 17:30:53');
INSERT INTO scores VALUES(750,58,5,13,2,0,1,2,0,0,0,'2025-06-03 17:30:56');
INSERT INTO scores VALUES(751,55,6,14,2,0,1,0,2,0,0,'2025-06-03 17:34:31');
INSERT INTO scores VALUES(752,56,4,14,2,0,1,2,0,0,0,'2025-06-03 17:34:35');
INSERT INTO scores VALUES(753,57,5,14,2,0,1,1,1,0,0,'2025-06-03 17:34:42');
INSERT INTO scores VALUES(754,58,4,14,2,0,1,2,0,0,0,'2025-06-03 17:40:56');
INSERT INTO scores VALUES(755,59,4,14,2,0,0,1,1,0,0,'2025-06-03 17:41:01');
INSERT INTO scores VALUES(756,60,4,14,2,0,0,1,1,0,0,'2025-06-03 17:41:09');
INSERT INTO scores VALUES(757,55,8,15,3,0,1,0,3,-10,0,'2025-06-03 17:45:00');
INSERT INTO scores VALUES(759,56,7,15,3,0,1,0,2,-10,0,'2025-06-03 17:45:05');
INSERT INTO scores VALUES(760,57,5,15,1,0,1,2,0,0,0,'2025-06-03 17:45:10');
INSERT INTO scores VALUES(762,58,6,15,1,0,1,1,1,0,0,'2025-06-03 17:55:48');
INSERT INTO scores VALUES(763,59,4,15,1,0,1,3,-1,0,0,'2025-06-03 17:55:51');
INSERT INTO scores VALUES(764,60,5,15,2,0,1,2,0,0,0,'2025-06-03 17:55:54');
INSERT INTO scores VALUES(765,56,5,16,2,0,1,2,0,0,0,'2025-06-03 17:55:56');
INSERT INTO scores VALUES(766,57,7,16,2,0,1,0,2,0,0,'2025-06-03 17:56:00');
INSERT INTO scores VALUES(767,55,9,16,2,0,1,0,4,0,0,'2025-06-03 17:56:06');
INSERT INTO scores VALUES(768,55,6,17,3,0,1,0,2,-10,0,'2025-06-03 18:02:05');
INSERT INTO scores VALUES(769,56,3,17,2,0,1,3,-1,0,0,'2025-06-03 18:02:08');
INSERT INTO scores VALUES(770,57,4,17,2,0,0,1,1,0,0,'2025-06-03 18:02:15');
INSERT INTO scores VALUES(771,58,6,16,2,0,1,1,1,0,0,'2025-06-03 18:06:49');
INSERT INTO scores VALUES(772,59,4,16,2,0,1,3,-1,0,0,'2025-06-03 18:06:59');
INSERT INTO scores VALUES(773,60,5,16,3,0,0,1,1,-10,0,'2025-06-03 18:07:03');
INSERT INTO scores VALUES(774,57,6,18,1,0,0,1,1,0,0,'2025-06-03 18:15:08');
INSERT INTO scores VALUES(775,55,6,18,3,0,1,2,0,-10,0,'2025-06-03 18:15:12');
INSERT INTO scores VALUES(777,56,6,18,2,0,0,1,1,0,0,'2025-06-03 18:15:30');
INSERT INTO scores VALUES(778,58,4,17,2,0,1,2,0,0,0,'2025-06-03 18:18:48');
INSERT INTO scores VALUES(779,59,4,17,2,0,0,1,1,0,0,'2025-06-03 18:18:51');
INSERT INTO scores VALUES(780,60,4,17,2,0,0,1,1,0,0,'2025-06-03 18:18:53');
INSERT INTO scores VALUES(782,58,5,18,1,0,1,3,-1,0,0,'2025-06-03 18:35:17');
INSERT INTO scores VALUES(783,59,5,18,1,0,0,2,0,0,0,'2025-06-03 18:35:23');
INSERT INTO scores VALUES(784,60,8,18,2,0,0,0,3,0,0,'2025-06-03 18:35:29');
INSERT INTO scores VALUES(946,77,7,1,1,0,0,0,2,0,0,'2025-06-17 14:40:22');
INSERT INTO scores VALUES(947,78,8,1,2,0,1,0,2,0,0,'2025-06-17 14:40:26');
INSERT INTO scores VALUES(948,79,5,1,1,0,0,2,0,0,0,'2025-06-17 14:40:32');
INSERT INTO scores VALUES(950,80,6,1,1,0,1,2,0,0,0,'2025-06-17 14:50:02');
INSERT INTO scores VALUES(951,81,6,1,2,0,1,2,0,0,0,'2025-06-17 14:50:06');
INSERT INTO scores VALUES(952,82,5,1,1,0,0,2,0,0,0,'2025-06-17 14:50:21');
INSERT INTO scores VALUES(953,77,6,2,2,0,1,1,1,0,0,'2025-06-17 14:50:58');
INSERT INTO scores VALUES(954,78,5,2,2,0,1,2,0,0,0,'2025-06-17 14:51:01');
INSERT INTO scores VALUES(955,79,4,2,1,0,1,3,-1,0,0,'2025-06-17 14:51:03');
INSERT INTO scores VALUES(956,83,7,1,3,0,0,0,2,-10,0,'2025-06-17 14:56:07');
INSERT INTO scores VALUES(957,84,7,1,2,0,0,0,2,0,0,'2025-06-17 14:57:15');
INSERT INTO scores VALUES(958,85,7,1,2,0,0,0,2,0,0,'2025-06-17 14:57:18');
INSERT INTO scores VALUES(959,80,4,2,2,0,1,3,-1,0,0,'2025-06-17 15:00:24');
INSERT INTO scores VALUES(960,81,4,2,2,0,1,3,-1,0,0,'2025-06-17 15:00:26');
INSERT INTO scores VALUES(961,82,4,2,2,0,0,2,0,0,0,'2025-06-17 15:00:28');
INSERT INTO scores VALUES(962,77,5,3,2,0,1,2,0,0,0,'2025-06-17 15:01:11');
INSERT INTO scores VALUES(963,78,6,3,2,0,1,1,1,0,0,'2025-06-17 15:01:15');
INSERT INTO scores VALUES(964,79,4,3,1,0,1,3,-1,0,0,'2025-06-17 15:01:17');
INSERT INTO scores VALUES(965,85,4,2,1,0,0,2,0,0,0,'2025-06-17 15:05:18');
INSERT INTO scores VALUES(966,83,4,2,2,0,0,2,0,0,0,'2025-06-17 15:05:21');
INSERT INTO scores VALUES(967,84,4,2,2,0,1,3,-1,0,0,'2025-06-17 15:05:31');
INSERT INTO scores VALUES(968,77,3,4,1,0,0,2,0,0,0,'2025-06-17 15:08:52');
INSERT INTO scores VALUES(970,78,6,4,2,0,1,0,2,0,0,'2025-06-17 15:09:07');
INSERT INTO scores VALUES(971,79,3,4,1,0,0,2,0,0,0,'2025-06-17 15:09:10');
INSERT INTO scores VALUES(972,80,4,3,1,0,1,3,-1,0,0,'2025-06-17 15:10:52');
INSERT INTO scores VALUES(973,82,4,3,1,0,1,3,-1,0,0,'2025-06-17 15:10:57');
INSERT INTO scores VALUES(974,81,5,3,3,0,1,2,0,-10,0,'2025-06-17 15:11:01');
INSERT INTO scores VALUES(975,80,4,4,2,0,1,2,0,0,0,'2025-06-17 15:17:13');
INSERT INTO scores VALUES(976,81,4,4,2,0,0,1,1,0,0,'2025-06-17 15:17:16');
INSERT INTO scores VALUES(977,82,3,4,2,0,0,2,0,0,0,'2025-06-17 15:17:20');
INSERT INTO scores VALUES(978,79,4,5,1,0,0,2,0,0,0,'2025-06-17 15:19:48');
INSERT INTO scores VALUES(979,78,5,5,2,0,1,2,0,0,0,'2025-06-17 15:20:01');
INSERT INTO scores VALUES(980,77,5,5,1,0,1,2,0,0,0,'2025-06-17 15:20:06');
INSERT INTO scores VALUES(982,83,5,3,2,0,1,2,0,0,0,'2025-06-17 15:24:31');
INSERT INTO scores VALUES(983,84,4,3,1,0,1,3,-1,0,0,'2025-06-17 15:24:34');
INSERT INTO scores VALUES(984,85,4,3,2,0,1,3,-1,0,0,'2025-06-17 15:24:36');
INSERT INTO scores VALUES(985,83,3,4,2,0,0,2,0,0,0,'2025-06-17 15:24:43');
INSERT INTO scores VALUES(986,84,4,4,2,0,0,1,1,0,0,'2025-06-17 15:24:47');
INSERT INTO scores VALUES(987,85,4,4,1,0,0,1,1,0,0,'2025-06-17 15:24:50');
INSERT INTO scores VALUES(988,77,4,6,2,0,0,1,1,0,0,'2025-06-17 15:26:11');
INSERT INTO scores VALUES(989,78,6,6,2,0,1,0,2,0,0,'2025-06-17 15:26:21');
INSERT INTO scores VALUES(990,79,3,6,1,0,0,2,0,0,0,'2025-06-17 15:26:23');
INSERT INTO scores VALUES(991,80,5,5,2,0,1,2,0,0,0,'2025-06-17 15:31:00');
INSERT INTO scores VALUES(992,81,4,5,1,0,1,3,-1,0,0,'2025-06-17 15:31:03');
INSERT INTO scores VALUES(993,82,6,5,2,0,0,0,2,0,0,'2025-06-17 15:31:06');
INSERT INTO scores VALUES(994,77,5,7,1,0,1,2,0,0,0,'2025-06-17 15:36:16');
INSERT INTO scores VALUES(996,78,4,7,1,0,1,3,-1,0,0,'2025-06-17 15:36:23');
INSERT INTO scores VALUES(997,79,3,7,1,0,1,4,-2,10,0,'2025-06-17 15:36:26');
INSERT INTO scores VALUES(998,85,5,5,3,0,0,1,1,-10,0,'2025-06-17 15:36:31');
INSERT INTO scores VALUES(999,84,4,5,2,0,1,3,-1,0,0,'2025-06-17 15:36:48');
INSERT INTO scores VALUES(1001,83,5,5,2,0,0,1,1,0,0,'2025-06-17 15:36:50');
INSERT INTO scores VALUES(1002,81,3,6,2,0,0,2,0,0,0,'2025-06-17 15:37:22');
INSERT INTO scores VALUES(1003,80,5,6,2,0,1,1,1,0,0,'2025-06-17 15:37:27');
INSERT INTO scores VALUES(1004,82,5,6,3,0,0,0,2,-10,0,'2025-06-17 15:37:34');
INSERT INTO scores VALUES(1005,83,4,6,2,0,0,1,1,0,0,'2025-06-17 15:42:29');
INSERT INTO scores VALUES(1006,84,3,6,2,0,0,2,0,0,0,'2025-06-17 15:42:32');
INSERT INTO scores VALUES(1007,85,3,6,2,0,0,2,0,0,0,'2025-06-17 15:42:35');
INSERT INTO scores VALUES(1008,79,3,8,1,0,1,4,-2,10,0,'2025-06-17 15:47:04');
INSERT INTO scores VALUES(1009,77,5,8,2,0,1,2,0,0,0,'2025-06-17 15:47:07');
INSERT INTO scores VALUES(1010,78,4,8,1,0,1,3,-1,0,0,'2025-06-17 15:47:10');
INSERT INTO scores VALUES(1011,80,6,7,2,0,1,1,1,0,0,'2025-06-17 15:48:19');
INSERT INTO scores VALUES(1012,81,5,7,2,0,1,2,0,0,0,'2025-06-17 15:48:22');
INSERT INTO scores VALUES(1013,82,3,7,1,0,0,3,-1,10,0,'2025-06-17 15:48:26');
INSERT INTO scores VALUES(1014,83,5,7,2,0,1,2,0,0,0,'2025-06-17 15:59:00');
INSERT INTO scores VALUES(1015,80,6,8,2,0,2,2,0,0,0,'2025-06-17 15:59:00');
INSERT INTO scores VALUES(1016,84,5,7,2,0,1,2,0,0,0,'2025-06-17 15:59:02');
INSERT INTO scores VALUES(1017,81,4,8,2,0,1,3,-1,0,0,'2025-06-17 15:59:03');
INSERT INTO scores VALUES(1018,85,5,7,2,0,1,2,0,0,0,'2025-06-17 15:59:04');
INSERT INTO scores VALUES(1019,82,5,8,2,0,1,2,0,0,0,'2025-06-17 15:59:08');
INSERT INTO scores VALUES(1020,77,5,9,1,0,1,3,-1,0,0,'2025-06-17 16:00:13');
INSERT INTO scores VALUES(1021,78,6,9,1,0,1,2,0,0,0,'2025-06-17 16:00:32');
INSERT INTO scores VALUES(1022,79,6,9,2,0,1,2,0,0,0,'2025-06-17 16:00:34');
INSERT INTO scores VALUES(1023,83,5,8,2,0,1,2,0,0,0,'2025-06-17 16:05:02');
INSERT INTO scores VALUES(1024,85,5,8,2,0,1,2,0,0,0,'2025-06-17 16:05:05');
INSERT INTO scores VALUES(1025,84,4,8,2,0,1,3,-1,0,0,'2025-06-17 16:05:07');
INSERT INTO scores VALUES(1026,80,5,9,2,0,1,3,-1,0,0,'2025-06-17 16:10:21');
INSERT INTO scores VALUES(1027,81,5,9,2,0,1,3,-1,0,0,'2025-06-17 16:10:24');
INSERT INTO scores VALUES(1028,82,4,9,1,0,0,3,-1,10,0,'2025-06-17 16:10:27');
INSERT INTO scores VALUES(1029,77,4,10,1,0,0,2,0,0,0,'2025-06-17 16:12:00');
INSERT INTO scores VALUES(1030,79,3,10,1,0,0,3,-1,10,0,'2025-06-17 16:12:03');
INSERT INTO scores VALUES(1031,78,4,10,1,0,1,3,-1,0,0,'2025-06-17 16:12:09');
INSERT INTO scores VALUES(1032,83,4,9,2,0,0,3,-1,10,0,'2025-06-17 16:18:23');
INSERT INTO scores VALUES(1033,84,6,9,2,0,1,2,0,0,0,'2025-06-17 16:18:28');
INSERT INTO scores VALUES(1034,85,5,9,2,0,0,2,0,0,0,'2025-06-17 16:18:30');
INSERT INTO scores VALUES(1035,77,7,11,2,0,1,1,1,0,0,'2025-06-17 16:24:07');
INSERT INTO scores VALUES(1036,78,4,11,1,0,1,4,-2,10,0,'2025-06-17 16:24:25');
INSERT INTO scores VALUES(1037,79,5,11,1,0,1,3,-1,0,0,'2025-06-17 16:24:30');
INSERT INTO scores VALUES(1038,80,6,10,2,0,1,1,1,0,0,'2025-06-17 16:24:52');
INSERT INTO scores VALUES(1039,81,5,10,2,0,1,2,0,0,0,'2025-06-17 16:24:56');
INSERT INTO scores VALUES(1040,82,4,10,1,0,0,2,0,0,0,'2025-06-17 16:24:59');
INSERT INTO scores VALUES(1041,83,5,10,2,0,0,1,1,0,0,'2025-06-17 16:32:19');
INSERT INTO scores VALUES(1042,84,5,10,1,0,1,2,0,0,0,'2025-06-17 16:32:22');
INSERT INTO scores VALUES(1043,85,4,10,1,0,0,2,0,0,0,'2025-06-17 16:32:25');
INSERT INTO scores VALUES(1044,78,5,12,2,0,1,2,0,0,0,'2025-06-17 16:36:13');
INSERT INTO scores VALUES(1045,77,4,12,1,0,1,3,-1,0,0,'2025-06-17 16:36:16');
INSERT INTO scores VALUES(1046,79,5,12,2,0,1,2,0,0,0,'2025-06-17 16:36:19');
INSERT INTO scores VALUES(1047,82,4,11,2,0,0,3,-1,10,0,'2025-06-17 16:39:38');
INSERT INTO scores VALUES(1048,81,7,11,2,0,1,1,1,0,0,'2025-06-17 16:39:42');
INSERT INTO scores VALUES(1049,80,8,11,2,0,1,0,2,0,0,'2025-06-17 16:39:46');
INSERT INTO scores VALUES(1050,83,5,11,2,0,0,2,0,0,0,'2025-06-17 16:45:52');
INSERT INTO scores VALUES(1051,84,10,11,2,0,1,0,4,0,0,'2025-06-17 16:45:56');
INSERT INTO scores VALUES(1052,85,5,11,1,0,0,2,0,0,0,'2025-06-17 16:45:59');
INSERT INTO scores VALUES(1053,82,6,12,3,0,1,1,1,-10,0,'2025-06-17 16:49:57');
INSERT INTO scores VALUES(1054,81,5,12,1,0,1,2,0,0,0,'2025-06-17 16:50:03');
INSERT INTO scores VALUES(1055,80,7,12,2,0,1,0,2,0,0,'2025-06-17 16:50:07');
INSERT INTO scores VALUES(1056,77,5,13,2,0,1,3,-1,0,0,'2025-06-17 16:50:53');
INSERT INTO scores VALUES(1057,79,6,13,1,0,1,2,0,0,0,'2025-06-17 16:50:55');
INSERT INTO scores VALUES(1058,78,7,13,2,0,1,1,1,0,0,'2025-06-17 16:50:59');
INSERT INTO scores VALUES(1059,83,5,12,3,0,1,2,0,-10,0,'2025-06-17 16:55:09');
INSERT INTO scores VALUES(1060,84,6,12,2,0,1,1,1,0,0,'2025-06-17 16:55:15');
INSERT INTO scores VALUES(1061,85,4,12,1,0,1,3,-1,0,0,'2025-06-17 16:55:35');
INSERT INTO scores VALUES(1062,78,3,14,2,0,1,3,-1,0,0,'2025-06-17 16:58:56');
INSERT INTO scores VALUES(1063,77,3,14,2,0,0,2,0,0,0,'2025-06-17 16:58:58');
INSERT INTO scores VALUES(1064,79,3,14,2,0,0,2,0,0,0,'2025-06-17 16:58:59');
INSERT INTO scores VALUES(1065,80,8,13,1,0,2,1,1,0,0,'2025-06-17 17:01:32');
INSERT INTO scores VALUES(1066,81,4,13,1,0,1,4,-2,10,0,'2025-06-17 17:01:37');
INSERT INTO scores VALUES(1067,82,7,13,3,0,1,1,1,-10,0,'2025-06-17 17:01:43');
INSERT INTO scores VALUES(1069,81,4,14,3,0,0,1,1,-10,0,'2025-06-17 17:07:47');
INSERT INTO scores VALUES(1070,80,4,14,3,0,1,2,0,-10,0,'2025-06-17 17:07:51');
INSERT INTO scores VALUES(1071,82,2,14,1,0,0,3,-1,10,0,'2025-06-17 17:07:55');
INSERT INTO scores VALUES(1072,79,3,15,1,0,1,4,-2,10,0,'2025-06-17 17:08:26');
INSERT INTO scores VALUES(1073,77,5,15,3,0,1,2,0,-10,0,'2025-06-17 17:08:29');
INSERT INTO scores VALUES(1074,78,5,15,2,0,1,2,0,0,0,'2025-06-17 17:08:34');
INSERT INTO scores VALUES(1075,83,7,13,2,0,1,1,1,0,0,'2025-06-17 17:09:27');
INSERT INTO scores VALUES(1076,84,10,13,2,0,1,0,4,0,0,'2025-06-17 17:09:33');
INSERT INTO scores VALUES(1077,85,7,13,2,0,1,1,1,0,0,'2025-06-17 17:09:37');
INSERT INTO scores VALUES(1078,83,4,14,3,0,0,1,1,-10,0,'2025-06-17 17:15:08');
INSERT INTO scores VALUES(1079,84,3,14,1,0,0,2,0,0,0,'2025-06-17 17:15:11');
INSERT INTO scores VALUES(1080,85,3,14,1,0,0,2,0,0,0,'2025-06-17 17:15:19');
INSERT INTO scores VALUES(1081,80,5,15,2,0,2,3,-1,0,0,'2025-06-17 17:19:28');
INSERT INTO scores VALUES(1082,81,5,15,2,0,1,2,0,0,0,'2025-06-17 17:19:31');
INSERT INTO scores VALUES(1083,82,4,15,1,0,1,3,-1,0,0,'2025-06-17 17:19:34');
INSERT INTO scores VALUES(1084,77,5,16,2,0,0,1,1,0,0,'2025-06-17 17:20:38');
INSERT INTO scores VALUES(1085,78,4,16,2,0,1,3,-1,0,0,'2025-06-17 17:20:41');
INSERT INTO scores VALUES(1086,79,6,16,2,0,0,0,2,0,0,'2025-06-17 17:20:44');
INSERT INTO scores VALUES(1087,83,3,15,1,0,1,4,-2,10,0,'2025-06-17 17:25:27');
INSERT INTO scores VALUES(1088,84,9,15,2,0,1,0,4,0,0,'2025-06-17 17:25:34');
INSERT INTO scores VALUES(1089,85,5,15,3,0,1,2,0,-10,0,'2025-06-17 17:25:37');
INSERT INTO scores VALUES(1090,79,3,17,2,0,1,3,-1,0,0,'2025-06-17 17:27:46');
INSERT INTO scores VALUES(1091,77,3,17,1,0,1,3,-1,0,0,'2025-06-17 17:27:50');
INSERT INTO scores VALUES(1092,78,5,17,2,0,1,1,1,0,0,'2025-06-17 17:27:53');
INSERT INTO scores VALUES(1093,80,4,16,1,0,1,3,-1,0,0,'2025-06-17 17:28:29');
INSERT INTO scores VALUES(1094,81,5,16,1,0,1,2,0,0,0,'2025-06-17 17:28:36');
INSERT INTO scores VALUES(1095,82,4,16,1,0,0,2,0,0,0,'2025-06-17 17:28:39');
INSERT INTO scores VALUES(1097,83,4,16,2,0,0,2,0,0,0,'2025-06-17 17:34:21');
INSERT INTO scores VALUES(1098,84,4,16,1,0,0,2,0,0,0,'2025-06-17 17:34:25');
INSERT INTO scores VALUES(1099,85,4,16,1,0,0,2,0,0,0,'2025-06-17 17:34:27');
INSERT INTO scores VALUES(1100,80,4,17,2,0,1,2,0,0,0,'2025-06-17 17:34:49');
INSERT INTO scores VALUES(1101,81,4,17,2,0,1,2,0,0,0,'2025-06-17 17:34:54');
INSERT INTO scores VALUES(1102,82,4,17,2,0,0,1,1,0,0,'2025-06-17 17:34:57');
INSERT INTO scores VALUES(1103,77,5,18,3,0,1,2,0,-10,0,'2025-06-17 17:38:46');
INSERT INTO scores VALUES(1104,78,4,18,1,0,1,3,-1,0,0,'2025-06-17 17:38:50');
INSERT INTO scores VALUES(1105,79,4,18,2,0,1,3,-1,0,0,'2025-06-17 17:38:52');
INSERT INTO scores VALUES(1106,85,5,17,4,0,0,0,2,-30,0,'2025-06-17 17:43:12');
INSERT INTO scores VALUES(1107,84,5,17,1,0,1,1,1,0,0,'2025-06-17 17:43:36');
INSERT INTO scores VALUES(1108,83,4,17,2,0,0,1,1,0,0,'2025-06-17 17:43:48');
INSERT INTO scores VALUES(1109,80,7,18,2,1,1,0,2,0,0,'2025-06-17 17:46:37');
INSERT INTO scores VALUES(1110,81,5,18,2,0,1,2,0,0,1,'2025-06-17 17:46:52');
INSERT INTO scores VALUES(1111,82,6,18,3,0,0,0,2,-10,0,'2025-06-17 17:47:02');
INSERT INTO scores VALUES(1112,83,3,18,1,0,0,3,-1,10,0,'2025-06-17 17:55:39');
INSERT INTO scores VALUES(1113,84,4,18,2,0,1,3,-1,0,0,'2025-06-17 17:55:45');
INSERT INTO scores VALUES(1114,85,4,18,1,0,0,2,0,0,0,'2025-06-17 17:55:59');
INSERT INTO scores VALUES(1117,89,5,1,2,0,0,2,0,0,0,'2025-06-24 14:41:27');
INSERT INTO scores VALUES(1118,88,5,1,2,0,1,3,-1,0,0,'2025-06-24 14:41:31');
INSERT INTO scores VALUES(1119,86,5,1,2,0,1,3,-1,0,0,'2025-06-24 14:41:34');
INSERT INTO scores VALUES(1120,90,5,1,2,0,1,3,-1,0,0,'2025-06-24 14:41:39');
INSERT INTO scores VALUES(1121,87,6,1,2,0,1,2,0,0,0,'2025-06-24 14:41:50');
INSERT INTO scores VALUES(1122,90,4,2,2,0,1,3,-1,0,0,'2025-06-24 14:58:57');
INSERT INTO scores VALUES(1123,88,5,2,2,0,2,3,-1,0,0,'2025-06-24 14:59:02');
INSERT INTO scores VALUES(1124,89,5,2,2,0,1,2,0,0,0,'2025-06-24 14:59:04');
INSERT INTO scores VALUES(1125,87,6,2,2,0,2,2,0,0,0,'2025-06-24 14:59:07');
INSERT INTO scores VALUES(1126,86,5,2,2,0,1,2,0,0,0,'2025-06-24 14:59:11');
INSERT INTO scores VALUES(1129,86,5,3,2,0,0,1,1,0,0,'2025-06-24 15:11:18');
INSERT INTO scores VALUES(1130,89,5,3,2,0,0,1,1,0,0,'2025-06-24 15:11:21');
INSERT INTO scores VALUES(1131,90,5,3,2,0,1,2,0,0,0,'2025-06-24 15:11:29');
INSERT INTO scores VALUES(1132,87,5,3,2,0,1,2,0,0,0,'2025-06-24 15:12:00');
INSERT INTO scores VALUES(1133,88,5,3,2,0,1,2,0,0,0,'2025-06-24 15:12:03');
INSERT INTO scores VALUES(1134,89,4,4,2,0,0,2,0,0,0,'2025-06-24 15:21:18');
INSERT INTO scores VALUES(1135,87,5,4,2,0,1,2,0,0,0,'2025-06-24 15:21:21');
INSERT INTO scores VALUES(1136,86,4,4,2,0,0,2,0,0,0,'2025-06-24 15:21:26');
INSERT INTO scores VALUES(1137,88,5,4,1,0,1,2,0,0,0,'2025-06-24 15:21:32');
INSERT INTO scores VALUES(1138,90,4,4,2,0,0,2,0,0,0,'2025-06-24 15:21:42');
INSERT INTO scores VALUES(1139,86,3,5,1,0,1,3,-1,0,0,'2025-06-24 15:32:06');
INSERT INTO scores VALUES(1140,87,4,5,2,0,1,2,0,0,0,'2025-06-24 15:32:09');
INSERT INTO scores VALUES(1141,88,6,5,3,0,1,0,2,-10,0,'2025-06-24 15:32:12');
INSERT INTO scores VALUES(1142,90,3,5,2,0,1,3,-1,0,0,'2025-06-24 15:32:16');
INSERT INTO scores VALUES(1143,89,3,5,1,0,1,3,-1,0,0,'2025-06-24 15:32:18');
INSERT INTO scores VALUES(1144,90,6,6,2,0,1,1,1,0,0,'2025-06-24 15:42:33');
INSERT INTO scores VALUES(1145,89,5,6,2,0,1,2,0,0,0,'2025-06-24 15:42:36');
INSERT INTO scores VALUES(1146,87,8,6,2,0,2,0,2,0,0,'2025-06-24 15:43:01');
INSERT INTO scores VALUES(1147,86,8,6,2,0,1,0,3,0,0,'2025-06-24 15:43:05');
INSERT INTO scores VALUES(1148,88,6,6,2,0,1,1,1,0,0,'2025-06-24 15:43:14');
INSERT INTO scores VALUES(1149,86,6,7,2,0,1,1,1,0,0,'2025-06-24 15:57:31');
INSERT INTO scores VALUES(1150,87,8,7,2,0,1,0,3,0,0,'2025-06-24 15:57:36');
INSERT INTO scores VALUES(1151,88,5,7,2,0,1,2,0,0,0,'2025-06-24 15:57:41');
INSERT INTO scores VALUES(1152,90,5,7,2,0,1,2,0,0,0,'2025-06-24 15:57:44');
INSERT INTO scores VALUES(1153,89,6,7,2,0,1,1,1,0,0,'2025-06-24 15:57:46');
INSERT INTO scores VALUES(1154,89,5,8,3,0,0,0,2,-10,0,'2025-06-24 16:06:19');
INSERT INTO scores VALUES(1155,90,3,8,1,0,1,3,-1,0,0,'2025-06-24 16:06:23');
INSERT INTO scores VALUES(1156,86,6,8,2,0,1,0,2,0,0,'2025-06-24 16:06:27');
INSERT INTO scores VALUES(1157,87,6,8,2,0,1,0,2,0,0,'2025-06-24 16:06:34');
INSERT INTO scores VALUES(1158,88,5,8,3,0,1,1,1,-10,0,'2025-06-24 16:06:37');
INSERT INTO scores VALUES(1159,86,4,9,1,0,0,3,-1,10,0,'2025-06-24 16:22:44');
INSERT INTO scores VALUES(1160,90,4,9,1,0,0,3,-1,10,0,'2025-06-24 16:22:47');
INSERT INTO scores VALUES(1161,89,9,9,3,0,0,0,4,-10,0,'2025-06-24 16:23:01');
INSERT INTO scores VALUES(1162,88,6,9,2,0,1,2,0,0,0,'2025-06-24 16:23:08');
INSERT INTO scores VALUES(1163,87,8,9,3,0,1,0,2,-10,0,'2025-06-24 16:23:15');
INSERT INTO scores VALUES(1164,90,6,10,2,0,1,2,0,0,0,'2025-06-24 16:38:32');
INSERT INTO scores VALUES(1165,87,7,10,2,0,1,1,1,0,0,'2025-06-24 16:38:36');
INSERT INTO scores VALUES(1167,86,5,10,1,0,1,3,-1,0,0,'2025-06-24 16:38:41');
INSERT INTO scores VALUES(1168,89,6,10,2,0,0,1,1,0,0,'2025-06-24 16:38:49');
INSERT INTO scores VALUES(1169,88,5,10,2,0,1,3,-1,0,0,'2025-06-24 16:39:03');
INSERT INTO scores VALUES(1170,90,4,11,1,0,1,3,-1,0,0,'2025-06-24 16:50:15');
INSERT INTO scores VALUES(1171,89,5,11,2,0,1,2,0,0,0,'2025-06-24 16:50:17');
INSERT INTO scores VALUES(1172,88,6,11,3,0,1,1,1,-10,0,'2025-06-24 16:50:23');
INSERT INTO scores VALUES(1173,86,7,11,3,0,1,0,2,-10,0,'2025-06-24 16:50:26');
INSERT INTO scores VALUES(1174,87,6,11,2,0,1,1,1,0,0,'2025-06-24 16:50:31');
INSERT INTO scores VALUES(1175,89,4,12,1,0,1,3,-1,0,0,'2025-06-24 17:01:26');
INSERT INTO scores VALUES(1176,90,6,12,3,0,1,1,1,-10,0,'2025-06-24 17:01:35');
INSERT INTO scores VALUES(1177,88,4,12,1,0,1,3,-1,0,0,'2025-06-24 17:01:41');
INSERT INTO scores VALUES(1178,86,5,12,2,0,1,2,0,0,0,'2025-06-24 17:01:44');
INSERT INTO scores VALUES(1180,87,7,12,1,0,2,1,1,0,0,'2025-06-24 17:01:50');
INSERT INTO scores VALUES(1181,89,3,13,1,0,0,2,0,0,0,'2025-06-24 17:08:39');
INSERT INTO scores VALUES(1182,90,4,13,2,0,0,1,1,0,0,'2025-06-24 17:08:43');
INSERT INTO scores VALUES(1183,87,4,13,3,0,1,2,0,-10,0,'2025-06-24 17:08:47');
INSERT INTO scores VALUES(1184,88,5,13,2,0,1,1,1,0,0,'2025-06-24 17:08:54');
INSERT INTO scores VALUES(1185,86,4,13,2,0,0,1,1,0,0,'2025-06-24 17:08:59');
INSERT INTO scores VALUES(1186,89,5,14,1,0,0,1,1,0,0,'2025-06-24 17:19:58');
INSERT INTO scores VALUES(1187,87,5,14,1,0,1,2,0,0,0,'2025-06-24 17:20:02');
INSERT INTO scores VALUES(1188,86,5,14,1,0,1,2,0,0,0,'2025-06-24 17:20:14');
INSERT INTO scores VALUES(1189,90,5,14,1,0,1,2,0,0,0,'2025-06-24 17:20:21');
INSERT INTO scores VALUES(1190,88,5,14,1,0,1,2,0,0,0,'2025-06-24 17:20:34');
INSERT INTO scores VALUES(1191,89,2,15,1,0,0,3,-1,10,0,'2025-06-24 17:26:58');
INSERT INTO scores VALUES(1192,90,4,15,2,0,0,1,1,0,0,'2025-06-24 17:27:06');
INSERT INTO scores VALUES(1193,87,4,15,2,0,1,2,0,0,0,'2025-06-24 17:27:17');
INSERT INTO scores VALUES(1194,86,4,15,2,0,0,1,1,0,0,'2025-06-24 17:27:25');
INSERT INTO scores VALUES(1195,88,7,15,2,0,1,0,3,0,0,'2025-06-24 17:27:36');
INSERT INTO scores VALUES(1196,86,5,16,2,0,1,2,0,0,0,'2025-06-24 17:39:04');
INSERT INTO scores VALUES(1197,87,5,16,2,0,1,2,0,0,0,'2025-06-24 17:39:10');
INSERT INTO scores VALUES(1198,88,4,16,1,0,1,3,-1,0,0,'2025-06-24 17:39:16');
INSERT INTO scores VALUES(1199,89,4,16,1,0,1,3,-1,0,0,'2025-06-24 17:39:21');
INSERT INTO scores VALUES(1200,90,5,16,2,0,1,2,0,0,0,'2025-06-24 17:39:25');
INSERT INTO scores VALUES(1201,86,6,17,3,0,1,1,1,-10,0,'2025-06-24 17:52:03');
INSERT INTO scores VALUES(1202,87,6,17,4,0,2,2,0,-30,0,'2025-06-24 17:52:08');
INSERT INTO scores VALUES(1203,90,4,17,2,0,1,3,-1,0,0,'2025-06-24 17:52:11');
INSERT INTO scores VALUES(1204,88,9,17,2,0,2,0,3,0,0,'2025-06-24 17:52:18');
INSERT INTO scores VALUES(1205,89,6,17,3,0,1,1,1,-10,0,'2025-06-24 17:52:24');
INSERT INTO scores VALUES(1206,86,8,18,2,0,1,0,2,0,0,'2025-06-24 18:08:18');
INSERT INTO scores VALUES(1207,87,7,18,2,0,1,1,1,0,0,'2025-06-24 18:08:25');
INSERT INTO scores VALUES(1208,90,6,18,2,0,1,2,0,0,0,'2025-06-24 18:08:28');
INSERT INTO scores VALUES(1209,89,6,18,2,0,1,2,0,0,0,'2025-06-24 18:08:31');
INSERT INTO scores VALUES(1210,88,8,18,1,0,1,0,2,0,0,'2025-06-24 18:09:01');
CREATE TABLE `event_sessions` (
	`id` integer PRIMARY KEY AUTOINCREMENT NOT NULL,
	`event_id` integer NOT NULL,
	`session_id` integer NOT NULL,
	`created_at` text DEFAULT (CURRENT_TIMESTAMP),
	FOREIGN KEY (`event_id`) REFERENCES `events`(`id`) ON UPDATE no action ON DELETE cascade,
	FOREIGN KEY (`session_id`) REFERENCES `scoring_sessions`(`id`) ON UPDATE no action ON DELETE cascade
);
INSERT INTO event_sessions VALUES(1,1,6,'2025-05-06 23:40:27');
INSERT INTO event_sessions VALUES(2,1,5,'2025-05-06 23:40:27');
INSERT INTO event_sessions VALUES(3,2,13,'2025-05-14 08:37:13');
INSERT INTO event_sessions VALUES(4,2,12,'2025-05-14 08:37:13');
INSERT INTO event_sessions VALUES(7,4,14,'2025-05-20 21:22:02');
INSERT INTO event_sessions VALUES(8,4,17,'2025-05-20 21:22:02');
INSERT INTO event_sessions VALUES(9,5,19,'2025-05-27 18:37:46');
INSERT INTO event_sessions VALUES(10,5,20,'2025-05-27 18:37:46');
INSERT INTO event_sessions VALUES(11,6,21,'2025-06-03 18:36:54');
INSERT INTO event_sessions VALUES(12,6,22,'2025-06-03 18:36:54');
INSERT INTO event_sessions VALUES(13,7,24,'2025-06-11 13:12:25');
INSERT INTO event_sessions VALUES(14,7,25,'2025-06-11 13:12:25');
INSERT INTO event_sessions VALUES(15,8,26,'2025-06-17 18:03:40');
INSERT INTO event_sessions VALUES(16,8,27,'2025-06-17 18:03:40');
INSERT INTO event_sessions VALUES(17,8,28,'2025-06-17 18:03:40');
INSERT INTO event_sessions VALUES(18,9,29,'2025-06-24 18:09:34');
CREATE TABLE d1_migrations(
		id         INTEGER PRIMARY KEY AUTOINCREMENT,
		name       TEXT UNIQUE,
		applied_at TIMESTAMP DEFAULT CURRENT_TIMESTAMP NOT NULL
);
INSERT INTO d1_migrations VALUES(1,'0000_petite_sharon_ventura.sql','2025-06-13 21:27:06');
DELETE FROM sqlite_sequence;
INSERT INTO sqlite_sequence VALUES('seasons',1);
INSERT INTO sqlite_sequence VALUES('profiles',15);
INSERT INTO sqlite_sequence VALUES('courses',1010);
INSERT INTO sqlite_sequence VALUES('holes',54);
INSERT INTO sqlite_sequence VALUES('scoring_sessions',29);
INSERT INTO sqlite_sequence VALUES('scorecards',90);
INSERT INTO sqlite_sequence VALUES('scorecard_players',94);
INSERT INTO sqlite_sequence VALUES('scores',1210);
INSERT INTO sqlite_sequence VALUES('events',9);
INSERT INTO sqlite_sequence VALUES('event_sessions',18);
INSERT INTO sqlite_sequence VALUES('d1_migrations',1);
CREATE UNIQUE INDEX `course_club_name` ON `courses` (`club`,`name`);
CREATE UNIQUE INDEX `hole_course_number` ON `holes` (`course_id`,`number`);
CREATE UNIQUE INDEX `hole_course_index` ON `holes` (`course_id`,"hcp");
CREATE UNIQUE INDEX `profiles_full_name_unique` ON `profiles` (`full_name`);
CREATE UNIQUE INDEX `scorecard_players_player_scorecard` ON `scorecard_players` (`player_id`,`scorecard_id`);
CREATE UNIQUE INDEX `seasons_name_unique` ON `seasons` (`name`);
CREATE UNIQUE INDEX `scores_scorecard_id_hole` ON `scores` (`scorecard_id`,`hole`);
CREATE TRIGGER update_scorecard_data_after_insert
AFTER INSERT ON scores
BEGIN
  UPDATE scorecards
  SET
    strokes = (SELECT SUM(strokes) FROM scores WHERE scorecard_id = NEW.scorecard_id),
    putts   = (SELECT SUM(putts) FROM scores WHERE scorecard_id = NEW.scorecard_id),
    points  = (SELECT SUM(points) FROM scores WHERE scorecard_id = NEW.scorecard_id),
    through = (SELECT COUNT(*) FROM scores WHERE scorecard_id = NEW.scorecard_id),
    to_par  = (SELECT SUM(to_par) FROM scores WHERE scorecard_id = NEW.scorecard_id)
  WHERE id = NEW.scorecard_id;

  UPDATE scorecard_players
  SET
    beers  = (SELECT SUM(beers) FROM scores WHERE scorecard_id = NEW.scorecard_id),
    ciders = (SELECT SUM(ciders) FROM scores WHERE scorecard_id = NEW.scorecard_id),
    fines  = (SELECT SUM(fines) FROM scores WHERE scorecard_id = NEW.scorecard_id)
  WHERE scorecard_id = NEW.scorecard_id
    AND (
      SELECT team_event
      FROM scoring_sessions
      JOIN scorecards ON scorecards.scoring_session_id = scoring_sessions.id
      WHERE scorecards.id = NEW.scorecard_id
    ) = 0;
END;
CREATE TRIGGER update_scorecard_data_after_update
AFTER UPDATE ON scores
BEGIN
  UPDATE scorecards
  SET
    strokes = (SELECT SUM(strokes) FROM scores WHERE scorecard_id = NEW.scorecard_id),
    putts   = (SELECT SUM(putts) FROM scores WHERE scorecard_id = NEW.scorecard_id),
    points  = (SELECT SUM(points) FROM scores WHERE scorecard_id = NEW.scorecard_id),
    through = (SELECT COUNT(*) FROM scores WHERE scorecard_id = NEW.scorecard_id),
    to_par  = (SELECT SUM(to_par) FROM scores WHERE scorecard_id = NEW.scorecard_id)
  WHERE id = NEW.scorecard_id;

  UPDATE scorecard_players
  SET
    beers  = (SELECT SUM(beers) FROM scores WHERE scorecard_id = NEW.scorecard_id),
    ciders = (SELECT SUM(ciders) FROM scores WHERE scorecard_id = NEW.scorecard_id),
    fines  = (SELECT SUM(fines) FROM scores WHERE scorecard_id = NEW.scorecard_id)
  WHERE scorecard_id = NEW.scorecard_id
    AND (
      SELECT team_event
      FROM scoring_sessions
      JOIN scorecards ON scorecards.scoring_session_id = scoring_sessions.id
      WHERE scorecards.id = NEW.scorecard_id
    ) = 0;
END;
CREATE TRIGGER update_scorecard_data_after_delete
AFTER DELETE ON scores
BEGIN
  UPDATE scorecards
  SET
    strokes = (SELECT SUM(strokes) FROM scores WHERE scorecard_id = OLD.scorecard_id),
    putts   = (SELECT SUM(putts) FROM scores WHERE scorecard_id = OLD.scorecard_id),
    points  = (SELECT SUM(points) FROM scores WHERE scorecard_id = OLD.scorecard_id),
    through = (SELECT COUNT(*) FROM scores WHERE scorecard_id = OLD.scorecard_id),
    to_par  = (SELECT SUM(to_par) FROM scores WHERE scorecard_id = OLD.scorecard_id)
  WHERE id = OLD.scorecard_id;

  UPDATE scorecard_players
  SET
    beers  = (SELECT SUM(beers) FROM scores WHERE scorecard_id = OLD.scorecard_id),
    ciders = (SELECT SUM(ciders) FROM scores WHERE scorecard_id = OLD.scorecard_id),
    fines  = (SELECT SUM(fines) FROM scores WHERE scorecard_id = OLD.scorecard_id)
  WHERE scorecard_id = OLD.scorecard_id
    AND (
      SELECT team_event
      FROM scoring_sessions
      JOIN scorecards ON scorecards.scoring_session_id = scoring_sessions.id
      WHERE scorecards.id = OLD.scorecard_id
    ) = 0;
END;
